date,team,rank,points
2025-07-21,Vitality,1,1000
2025-07-21,MOUZ,2,534
2025-07-21,The MongolZ,3,459
2025-07-21,Spirit,4,406
2025-07-21,Aurora,5,290
2025-07-21,Falcons,6,274
2025-07-21,Natus Vincere,7,238
2025-07-21,FaZe,8,218
2025-07-21,FURIA,9,205
2025-07-21,paiN,10,193
2025-07-21,Astralis,11,175
2025-07-21,G2,12,149
2025-07-21,GamerLegion,13,138
2025-07-21,3DMAX,14,127
2025-07-21,Virtus.pro,15,122
2025-07-21,TYLOO,16,118
2025-07-21,Legacy,17,115
2025-07-21,Liquid,18,100
2025-07-21,Lynn Vision,19,100
2025-07-21,MIBR,20,81
2025-07-21,HEROIC,21,81
2025-07-21,B8,22,71
2025-07-21,Complexity,23,70
2025-07-21,BetBoom,24,58
2025-07-21,BIG,25,57
2025-07-21,SAW,26,55
2025-07-21,Nemiga,27,52
2025-07-21,Ninjas in Pyjamas,28,46
2025-07-21,M80,29,36
2025-07-21,TNL,30,34
2025-07-21,Wildcard,31,34
2025-07-21,Passion UA,32,32
2025-07-21,ECSTATIC,33,32
2025-07-21,FlyQuest,34,31
2025-07-21,ODDIK,35,30
2025-07-21,HOTU,36,29
2025-07-21,OG,37,28
2025-07-21,Imperial,38,24
2025-07-21,fnatic,39,24
2025-07-21,NRG,40,24
2025-07-21,PARIVISION,41,23
2025-07-21,ex-NAVI Junior,42,21
2025-07-21,Chinggis Warriors,43,21
2025-07-21,Fluxo,44,21
2025-07-21,Iberian Soul,45,19
2025-07-21,ENCE,46,19
2025-07-21,Sashi,47,19
2025-07-21,Alliance,48,18
2025-07-21,Rare Atom,49,16
2025-07-21,CYBERSHOKE,50,16
2025-07-21,Zero Tenacity,51,15
2025-07-21,KOLESIE,52,15
2025-07-21,Nexus,53,15
2025-07-21,JiJieHao,54,15
2025-07-21,Spirit Academy,55,14
2025-07-21,33,56,14
2025-07-21,Sharks,57,14
2025-07-21,ESC,58,14
2025-07-21,BLUEJAYS,59,14
2025-07-21,9INE,60,13
2025-07-21,Eruption,61,13
2025-07-21,Partizan,62,13
2025-07-21,9z,63,12
2025-07-21,BC.Game,64,12
2025-07-21,FAVBET,65,12
2025-07-21,Sangal,66,12
2025-07-21,GUN5,67,12
2025-07-21,RUBY,68,12
2025-07-21,The Huns,69,12
2025-07-21,Betclic,70,11
2025-07-21,RED Canids,71,11
2025-07-21,Betera,72,10
2025-07-21,Marsborne,73,10
2025-07-21,Johnny Speeds,74,9
2025-07-21,Tricked,75,9
2025-07-21,Monte,76,9
2025-07-21,m1x,77,9
2025-07-21,2GAME,78,9
2025-07-21,The Last Resort,79,8
2025-07-21,AMKAL,80,8
2025-07-21,BESTIA,81,8
2025-07-21,Getting Info,82,8
2025-07-21,SPARTA,83,8
2025-07-21,VP.Prodigy,84,8
2025-07-21,Metizport,85,8
2025-07-21,ECLOT,86,8
2025-07-21,NXT,87,8
2025-07-21,AaB,88,8
2025-07-21,ARCRED,89,8
2025-07-21,LAG,90,8
2025-07-21,500,91,8
2025-07-21,CPH Wolves,92,8
2025-07-21,1win,93,7
2025-07-21,EYEBALLERS,94,7
2025-07-21,MANA,95,7
2025-07-21,SemperFi,96,7
2025-07-21,FORZE Reload,97,7
2025-07-21,Fire Flux,98,7
2025-07-21,IHC,99,7
2025-07-21,Chicken Coop,100,7
2025-07-28,Vitality,1,1000
2025-07-28,MOUZ,2,552
2025-07-28,The MongolZ,3,515
2025-07-28,Spirit,4,433
2025-07-28,Aurora,5,282
2025-07-28,Falcons,6,281
2025-07-28,FaZe,7,263
2025-07-28,FURIA,8,257
2025-07-28,Natus Vincere,9,242
2025-07-28,paiN,10,219
2025-07-28,Astralis,11,208
2025-07-28,GamerLegion,12,173
2025-07-28,3DMAX,13,163
2025-07-28,G2,14,150
2025-07-28,TYLOO,15,145
2025-07-28,Legacy,16,131
2025-07-28,Virtus.pro,17,129
2025-07-28,Liquid,18,123
2025-07-28,Lynn Vision,19,110
2025-07-28,HEROIC,20,101
2025-07-28,Ninjas in Pyjamas,21,90
2025-07-28,MIBR,22,84
2025-07-28,Complexity,23,74
2025-07-28,B8,24,73
2025-07-28,SAW,25,69
2025-07-28,BetBoom,26,61
2025-07-28,Nemiga,27,59
2025-07-28,BIG,28,59
2025-07-28,FlyQuest,29,46
2025-07-28,TNL,30,38
2025-07-28,M80,31,38
2025-07-28,ODDIK,32,36
2025-07-28,Passion UA,33,34
2025-07-28,OG,34,34
2025-07-28,ECSTATIC,35,33
2025-07-28,HOTU,36,31
2025-07-28,Wildcard,37,31
2025-07-28,Iberian Soul,38,27
2025-07-28,PARIVISION,39,27
2025-07-28,fnatic,40,26
2025-07-28,NRG,41,26
2025-07-28,ex-NAVI Junior,42,24
2025-07-28,Imperial,43,24
2025-07-28,Fluxo,44,22
2025-07-28,Alliance,45,20
2025-07-28,Rare Atom,46,20
2025-07-28,Sashi,47,19
2025-07-28,Chinggis Warriors,48,19
2025-07-28,KOLESIE,49,18
2025-07-28,Partizan,50,18
2025-07-28,ESC,51,17
2025-07-28,ENCE,52,17
2025-07-28,Zero Tenacity,53,17
2025-07-28,Nexus,54,17
2025-07-28,Sharks,55,16
2025-07-28,BLUEJAYS,56,16
2025-07-28,33,57,16
2025-07-28,9INE,58,15
2025-07-28,JiJieHao,59,15
2025-07-28,Spirit Academy,60,15
2025-07-28,CYBERSHOKE,61,15
2025-07-28,Betera,62,13
2025-07-28,Betclic,63,13
2025-07-28,RED Canids,64,13
2025-07-28,Sangal,65,13
2025-07-28,GUN5,66,13
2025-07-28,BC.Game,67,12
2025-07-28,FAVBET,68,12
2025-07-28,Marsborne,69,12
2025-07-28,Monte,70,12
2025-07-28,RUBY,71,12
2025-07-28,Tricked,72,11
2025-07-28,Johnny Speeds,73,11
2025-07-28,m1x,74,10
2025-07-28,Getting Info,75,10
2025-07-28,BESTIA,76,10
2025-07-28,9z,77,10
2025-07-28,The Last Resort,78,10
2025-07-28,ARCRED,79,10
2025-07-28,Bounty Hunters,80,10
2025-07-28,AMKAL,81,9
2025-07-28,2GAME,82,9
2025-07-28,VP.Prodigy,83,9
2025-07-28,Metizport,84,9
2025-07-28,Chicken Coop,85,9
2025-07-28,ALASKA,86,9
2025-07-28,CPH Wolves,87,9
2025-07-28,LAG,88,9
2025-07-28,Flamengo,89,9
2025-07-28,AaB,90,9
2025-07-28,Rhyno,91,9
2025-07-28,The Huns,92,9
2025-07-28,SPARTA,93,9
2025-07-28,EYEBALLERS,94,8
2025-07-28,hypewrld,95,8
2025-07-28,MANA,96,8
2025-07-28,GameHunters,97,8
2025-07-28,SemperFi,98,8
2025-07-28,SINNERS,99,8
2025-07-28,ECLOT,100,8
2025-08-04,Vitality,1,1000
2025-08-04,MOUZ,2,655
2025-08-04,Spirit,3,653
2025-08-04,The MongolZ,4,492
2025-08-04,Natus Vincere,5,351
2025-08-04,FURIA,6,308
2025-08-04,FaZe,7,280
2025-08-04,Falcons,8,263
2025-08-04,Aurora,9,255
2025-08-04,paiN,10,201
2025-08-04,G2,11,181
2025-08-04,Astralis,12,181
2025-08-04,GamerLegion,13,173
2025-08-04,3DMAX,14,160
2025-08-04,TYLOO,15,124
2025-08-04,Legacy,16,124
2025-08-04,Liquid,17,109
2025-08-04,Virtus.pro,18,109
2025-08-04,Lynn Vision,19,96
2025-08-04,HEROIC,20,96
2025-08-04,Ninjas in Pyjamas,21,94
2025-08-04,MIBR,22,74
2025-08-04,Complexity,23,68
2025-08-04,B8,24,64
2025-08-04,SAW,25,63
2025-08-04,BetBoom,26,60
2025-08-04,Nemiga,27,57
2025-08-04,FlyQuest,28,50
2025-08-04,BIG,29,46
2025-08-04,M80,30,36
2025-08-04,TNL,31,35
2025-08-04,ECSTATIC,32,31
2025-08-04,Passion UA,33,30
2025-08-04,Wildcard,34,27
2025-08-04,OG,35,26
2025-08-04,Iberian Soul,36,26
2025-08-04,fnatic,37,26
2025-08-04,Imperial,38,24
2025-08-04,NRG,39,23
2025-08-04,PARIVISION,40,22
2025-08-04,FUT,41,22
2025-08-04,Chinggis Warriors,42,19
2025-08-04,Partizan,43,19
2025-08-04,Alliance,44,19
2025-08-04,ODDIK,45,18
2025-08-04,ENCE,46,17
2025-08-04,Rare Atom,47,17
2025-08-04,HOTU,48,17
2025-08-04,Sashi,49,16
2025-08-04,Fluxo,50,16
2025-08-04,KOLESIE,51,16
2025-08-04,CYBERSHOKE,52,16
2025-08-04,Sharks,53,16
2025-08-04,Zero Tenacity,54,16
2025-08-04,ESC,55,15
2025-08-04,Nexus,56,15
2025-08-04,33,57,13
2025-08-04,Betclic,58,13
2025-08-04,RED Canids,59,13
2025-08-04,9INE,60,13
2025-08-04,Eruption,61,13
2025-08-04,BLUEJAYS,62,13
2025-08-04,Tricked,63,12
2025-08-04,Sangal,64,12
2025-08-04,Marsborne,65,12
2025-08-04,BC.Game,66,12
2025-08-04,VP.Prodigy,67,12
2025-08-04,The Huns,68,11
2025-08-04,m1x,69,11
2025-08-04,GUN5,70,11
2025-08-04,Monte,71,11
2025-08-04,9z,72,10
2025-08-04,RUBY,73,10
2025-08-04,Spirit Academy,74,10
2025-08-04,Johnny Speeds,75,10
2025-08-04,Getting Info,76,10
2025-08-04,2GAME,77,10
2025-08-04,Betera,78,10
2025-08-04,Metizport,79,10
2025-08-04,LAG,80,10
2025-08-04,The Last Resort,81,9
2025-08-04,BESTIA,82,9
2025-08-04,FAVBET,83,9
2025-08-04,Flamengo,84,9
2025-08-04,ALASKA,85,9
2025-08-04,SPARTA,86,9
2025-08-04,Chicken Coop,87,8
2025-08-04,CPH Wolves,88,8
2025-08-04,AaB,89,8
2025-08-04,EYEBALLERS,90,8
2025-08-04,Rhyno,91,8
2025-08-04,MANA,92,8
2025-08-04,AMKAL,93,8
2025-08-04,Insilio,94,8
2025-08-04,hypewrld,95,8
2025-08-04,SINNERS,96,8
2025-08-04,IHC,97,8
2025-08-04,Eternal Fire,98,8
2025-08-04,ShindeN,99,7
2025-08-04,G2 Ares,100,7
2025-08-11,Vitality,1,1000
2025-08-11,MOUZ,2,671
2025-08-11,Spirit,3,636
2025-08-11,The MongolZ,4,526
2025-08-11,Natus Vincere,5,337
2025-08-11,FURIA,6,300
2025-08-11,Aurora,7,271
2025-08-11,FaZe,8,269
2025-08-11,Falcons,9,250
2025-08-11,paiN,10,208
2025-08-11,Astralis,11,190
2025-08-11,G2,12,169
2025-08-11,GamerLegion,13,166
2025-08-11,3DMAX,14,150
2025-08-11,Liquid,15,145
2025-08-11,Virtus.pro,16,143
2025-08-11,Legacy,17,124
2025-08-11,TYLOO,18,115
2025-08-11,Lynn Vision,19,99
2025-08-11,HEROIC,20,98
2025-08-11,Ninjas in Pyjamas,21,81
2025-08-11,B8,22,70
2025-08-11,SAW,23,65
2025-08-11,MIBR,24,58
2025-08-11,BetBoom,25,56
2025-08-11,Complexity,26,54
2025-08-11,Nemiga,27,54
2025-08-11,FlyQuest,28,46
2025-08-11,BIG,29,45
2025-08-11,TNL,30,35
2025-08-11,M80,31,35
2025-08-11,OG,32,34
2025-08-11,Passion UA,33,33
2025-08-11,fnatic,34,32
2025-08-11,ECSTATIC,35,31
2025-08-11,FUT,36,27
2025-08-11,Wildcard,37,27
2025-08-11,Iberian Soul,38,24
2025-08-11,Partizan,39,23
2025-08-11,Imperial,40,23
2025-08-11,PARIVISION,41,23
2025-08-11,NRG,42,22
2025-08-11,Chinggis Warriors,43,19
2025-08-11,Sashi,44,18
2025-08-11,ENCE,45,17
2025-08-11,Alliance,46,17
2025-08-11,Rare Atom,47,16
2025-08-11,Fluxo,48,16
2025-08-11,KOLESIE,49,16
2025-08-11,ODDIK,50,16
2025-08-11,Sharks,51,14
2025-08-11,Zero Tenacity,52,14
2025-08-11,CYBERSHOKE,53,13
2025-08-11,Marsborne,54,13
2025-08-11,ESC,55,13
2025-08-11,Nexus,56,13
2025-08-11,HOTU,57,13
2025-08-11,33,58,12
2025-08-11,BLUEJAYS,59,12
2025-08-11,Eruption,60,12
2025-08-11,BC.Game,61,12
2025-08-11,The Huns,62,12
2025-08-11,9INE,63,12
2025-08-11,VP.Prodigy,64,12
2025-08-11,RED Canids,65,11
2025-08-11,BESTIA,66,11
2025-08-11,Sangal,67,11
2025-08-11,9z,68,11
2025-08-11,Johnny Speeds,69,11
2025-08-11,Tricked,70,10
2025-08-11,Betclic,71,10
2025-08-11,Monte,72,10
2025-08-11,GUN5,73,10
2025-08-11,Getting Info,74,9
2025-08-11,Betera,75,9
2025-08-11,LAG,76,9
2025-08-11,m1x,77,9
2025-08-11,EYEBALLERS,78,9
2025-08-11,Metizport,79,9
2025-08-11,The Last Resort,80,9
2025-08-11,Flamengo,81,9
2025-08-11,RUBY,82,9
2025-08-11,ALASKA,83,9
2025-08-11,CPH Wolves,84,9
2025-08-11,2GAME,85,9
2025-08-11,SINNERS,86,8
2025-08-11,Chicken Coop,87,8
2025-08-11,500,88,8
2025-08-11,AaB,89,8
2025-08-11,Rhyno,90,8
2025-08-11,Reason,91,8
2025-08-11,Insilio,92,7
2025-08-11,Spirit Academy,93,7
2025-08-11,hypewrld,94,7
2025-08-11,InControl,95,7
2025-08-11,SPARTA,96,7
2025-08-11,FAVBET,97,7
2025-08-11,Famalic√£o,98,7
2025-08-11,ShindeN,99,7
2025-08-11,Bounty Hunters,100,7
2025-08-18,Vitality,1,944
2025-08-18,Spirit,2,850
2025-08-18,MOUZ,3,667
2025-08-18,The MongolZ,4,616
2025-08-18,Natus Vincere,5,332
2025-08-18,FURIA,6,297
2025-08-18,FaZe,7,267
2025-08-18,Aurora,8,242
2025-08-18,Falcons,9,231
2025-08-18,paiN,10,207
2025-08-18,Astralis,11,188
2025-08-18,G2,12,161
2025-08-18,GamerLegion,13,153
2025-08-18,3DMAX,14,147
2025-08-18,Virtus.pro,15,141
2025-08-18,Liquid,16,138
2025-08-18,Legacy,17,129
2025-08-18,TYLOO,18,119
2025-08-18,Lynn Vision,19,108
2025-08-18,HEROIC,20,88
2025-08-18,Ninjas in Pyjamas,21,79
2025-08-18,B8,22,71
2025-08-18,SAW,23,61
2025-08-18,MIBR,24,58
2025-08-18,BetBoom,25,57
2025-08-18,Complexity,26,54
2025-08-18,Nemiga,27,52
2025-08-18,FlyQuest,28,47
2025-08-18,BIG,29,42
2025-08-18,OG,30,41
2025-08-18,M80,31,38
2025-08-18,fnatic,32,37
2025-08-18,Iberian Soul,33,35
2025-08-18,TNL,34,35
2025-08-18,FUT,35,30
2025-08-18,PARIVISION,36,30
2025-08-18,Imperial,37,29
2025-08-18,ECSTATIC,38,28
2025-08-18,Wildcard,39,27
2025-08-18,Partizan,40,26
2025-08-18,ENCE,41,24
2025-08-18,9INE,42,24
2025-08-18,NRG,43,24
2025-08-18,ODDIK,44,20
2025-08-18,Rare Atom,45,19
2025-08-18,Sashi,46,18
2025-08-18,Chinggis Warriors,47,18
2025-08-18,Alliance,48,17
2025-08-18,KOLESIE,49,17
2025-08-18,Zero Tenacity,50,17
2025-08-18,Sharks,51,16
2025-08-18,Fluxo,52,16
2025-08-18,Nexus,53,15
2025-08-18,HOTU,54,15
2025-08-18,Betera,55,15
2025-08-18,BLUEJAYS,56,14
2025-08-18,CYBERSHOKE,57,14
2025-08-18,Marsborne,58,14
2025-08-18,Betclic,59,14
2025-08-18,9z,60,14
2025-08-18,Johnny Speeds,61,14
2025-08-18,ESC,62,13
2025-08-18,BC.Game,63,13
2025-08-18,VP.Prodigy,64,13
2025-08-18,33,65,12
2025-08-18,The Huns,66,12
2025-08-18,RED Canids,67,12
2025-08-18,Sangal,68,12
2025-08-18,SELVA,69,12
2025-08-18,RUBY,70,11
2025-08-18,BESTIA,71,11
2025-08-18,Flamengo,72,11
2025-08-18,Eruption,73,11
2025-08-18,EYEBALLERS,74,11
2025-08-18,ShindeN,75,11
2025-08-18,LAG,76,11
2025-08-18,SINNERS,77,10
2025-08-18,GUN5,78,10
2025-08-18,Dusty Roots,79,10
2025-08-18,JiJieHao,80,10
2025-08-18,Monte,81,10
2025-08-18,m1x,82,10
2025-08-18,Chicken Coop,83,10
2025-08-18,2GAME,84,10
2025-08-18,Reason,85,10
2025-08-18,InControl,86,9
2025-08-18,CPH Wolves,87,9
2025-08-18,Spirit Academy,88,9
2025-08-18,AaB,89,9
2025-08-18,500,90,9
2025-08-18,Tricked,91,9
2025-08-18,BOSS,92,9
2025-08-18,IHC,93,9
2025-08-18,ex-W7M,94,9
2025-08-18,kONO,95,9
2025-08-18,HAWAII,96,9
2025-08-18,Metizport,97,8
2025-08-18,KRU,98,8
2025-08-18,hypewrld,99,8
2025-08-18,FAVBET,100,8
2025-08-25,Vitality,1,961
2025-08-25,Spirit,2,822
2025-08-25,The MongolZ,3,797
2025-08-25,MOUZ,4,666
2025-08-25,Aurora,5,354
2025-08-25,Natus Vincere,6,322
2025-08-25,Falcons,7,317
2025-08-25,FURIA,8,302
2025-08-25,FaZe,9,219
2025-08-25,paiN,10,213
2025-08-25,Astralis,11,190
2025-08-25,3DMAX,12,175
2025-08-25,G2,13,156
2025-08-25,TYLOO,14,150
2025-08-25,Virtus.pro,15,146
2025-08-25,GamerLegion,16,137
2025-08-25,Legacy,17,135
2025-08-25,HEROIC,18,128
2025-08-25,Liquid,19,122
2025-08-25,Lynn Vision,20,114
2025-08-25,Ninjas in Pyjamas,21,82
2025-08-25,B8,22,75
2025-08-25,BetBoom,23,66
2025-08-25,SAW,24,64
2025-08-25,MIBR,25,58
2025-08-25,Nemiga,26,56
2025-08-25,FlyQuest,27,46
2025-08-25,Passion UA,28,46
2025-08-25,OG,29,44
2025-08-25,M80,30,40
2025-08-25,TNL,31,38
2025-08-25,BIG,32,37
2025-08-25,Iberian Soul,33,36
2025-08-25,fnatic,34,35
2025-08-25,PARIVISION,35,33
2025-08-25,ECSTATIC,36,30
2025-08-25,Wildcard,37,30
2025-08-25,Imperial,38,30
2025-08-25,FUT,39,26
2025-08-25,NRG,40,25
2025-08-25,9INE,41,25
2025-08-25,Partizan,42,23
2025-08-25,ENCE,43,22
2025-08-25,ODDIK,44,21
2025-08-25,Rare Atom,45,21
2025-08-25,Alliance,46,21
2025-08-25,Sashi,47,21
2025-08-25,Zero Tenacity,48,20
2025-08-25,BC.Game,49,20
2025-08-25,Fluxo,50,19
2025-08-25,Chinggis Warriors,51,19
2025-08-25,KOLESIE,52,18
2025-08-25,Sharks,53,17
2025-08-25,Betera,54,17
2025-08-25,BLUEJAYS,55,16
2025-08-25,ESC,56,16
2025-08-25,Marsborne,57,16
2025-08-25,VP.Prodigy,58,15
2025-08-25,HOTU,59,15
2025-08-25,9z,60,15
2025-08-25,Johnny Speeds,61,14
2025-08-25,Betclic,62,14
2025-08-25,CYBERSHOKE,63,14
2025-08-25,The Huns,64,13
2025-08-25,RED Canids,65,13
2025-08-25,Flamengo,66,13
2025-08-25,Monte,67,13
2025-08-25,EYEBALLERS,68,13
2025-08-25,SELVA,69,12
2025-08-25,LAG,70,12
2025-08-25,ShindeN,71,12
2025-08-25,BESTIA,72,12
2025-08-25,RUBY,73,12
2025-08-25,Eruption,74,12
2025-08-25,33,75,11
2025-08-25,GUN5,76,11
2025-08-25,Chicken Coop,77,11
2025-08-25,Spirit Academy,78,11
2025-08-25,Nexus,79,11
2025-08-25,SINNERS,80,10
2025-08-25,BOSS,81,10
2025-08-25,m1x,82,10
2025-08-25,2GAME,83,10
2025-08-25,CPH Wolves,84,10
2025-08-25,Reason,85,10
2025-08-25,InControl,86,10
2025-08-25,Metizport,87,10
2025-08-25,Sangal,88,10
2025-08-25,AaB,89,10
2025-08-25,JiJieHao,90,10
2025-08-25,Eternal Fire,91,10
2025-08-25,Dusty Roots,92,10
2025-08-25,ex-W7M,93,9
2025-08-25,500,94,9
2025-08-25,HAWAII,95,9
2025-08-25,KRU,96,9
2025-08-25,hypewrld,97,9
2025-08-25,SPARTA,98,9
2025-08-25,IHC,99,8
2025-08-25,Tricked,100,8
2025-09-08,Vitality,1,1000
2025-09-08,The MongolZ,2,800
2025-09-08,MOUZ,3,685
2025-09-08,Spirit,4,655
2025-09-08,G2,5,385
2025-09-08,Aurora,6,359
2025-09-08,FURIA,7,352
2025-09-08,Falcons,8,319
2025-09-08,Natus Vincere,9,293
2025-09-08,FaZe,10,221
2025-09-08,3DMAX,11,206
2025-09-08,paiN,12,179
2025-09-08,Astralis,13,172
2025-09-08,TYLOO,14,171
2025-09-08,GamerLegion,15,140
2025-09-08,Liquid,16,125
2025-09-08,HEROIC,17,110
2025-09-08,Lynn Vision,18,105
2025-09-08,M80,19,100
2025-09-08,Virtus.pro,20,97
2025-09-08,Ninjas in Pyjamas,21,87
2025-09-08,Legacy,22,80
2025-09-08,BetBoom,23,76
2025-09-08,SAW,24,72
2025-09-08,fnatic,25,62
2025-09-08,FlyQuest,26,57
2025-09-08,B8,27,55
2025-09-08,PARIVISION,28,46
2025-09-08,Passion UA,29,44
2025-09-08,OG,30,44
2025-09-08,TNL,31,44
2025-09-08,Gentle Mates,32,42
2025-09-08,MIBR,33,40
2025-09-08,BIG,34,40
2025-09-08,ENCE,35,39
2025-09-08,NRG,36,38
2025-09-08,Imperial,37,36
2025-09-08,Nemiga,38,35
2025-09-08,FUT,39,32
2025-09-08,9INE,40,30
2025-09-08,ODDIK,41,28
2025-09-08,Monte,42,28
2025-09-08,Rare Atom,43,25
2025-09-08,EYEBALLERS,44,24
2025-09-08,The Huns,45,23
2025-09-08,Wildcard,46,23
2025-09-08,ECSTATIC,47,23
2025-09-08,BC.Game,48,23
2025-09-08,Fluxo,49,22
2025-09-08,Alliance,50,22
2025-09-08,Rave,51,22
2025-09-08,Zero Tenacity,52,22
2025-09-08,Venom,53,22
2025-09-08,Partizan,54,22
2025-09-08,Marsborne,55,22
2025-09-08,Betera,56,21
2025-09-08,Sashi,57,20
2025-09-08,ESC,58,20
2025-09-08,9z,59,19
2025-09-08,Chinggis Warriors,60,19
2025-09-08,Reason,61,18
2025-09-08,BESTIA,62,17
2025-09-08,Johnny Speeds,63,17
2025-09-08,VP.Prodigy,64,17
2025-09-08,Keyd Stars,65,16
2025-09-08,33,66,16
2025-09-08,Spirit Academy,67,16
2025-09-08,Sharks,68,15
2025-09-08,HOTU,69,15
2025-09-08,aimclub,70,15
2025-09-08,ShindeN,71,14
2025-09-08,Betclic,72,14
2025-09-08,FORZE Reload,73,13
2025-09-08,RED Canids,74,13
2025-09-08,LAG,75,13
2025-09-08,CYBERSHOKE,76,13
2025-09-08,Getting Info,77,13
2025-09-08,Eternal Fire,78,13
2025-09-08,CPH Wolves,79,12
2025-09-08,ex-W7M,80,12
2025-09-08,SINNERS,81,12
2025-09-08,Chicken Coop,82,12
2025-09-08,AaB,83,12
2025-09-08,Eruption,84,12
2025-09-08,Dusty Roots,85,12
2025-09-08,Galorys,86,12
2025-09-08,BOSS,87,12
2025-09-08,RUBY,88,12
2025-09-08,JiJieHao,89,12
2025-09-08,ARCRED,90,12
2025-09-08,Nexus,91,11
2025-09-08,2GAME,92,11
2025-09-08,1win,93,11
2025-09-08,GameHunters,94,11
2025-09-08,HAWAII,95,11
2025-09-08,Sangal,96,11
2025-09-08,Metizport,97,11
2025-09-08,AMKAL,98,11
2025-09-08,500,99,11
2025-09-08,Kaleido,100,10
2025-09-15,Vitality,1,962
2025-09-15,The MongolZ,2,820
2025-09-15,MOUZ,3,680
2025-09-15,Spirit,4,669
2025-09-15,G2,5,405
2025-09-15,FURIA,6,398
2025-09-15,Aurora,7,385
2025-09-15,Falcons,8,363
2025-09-15,Natus Vincere,9,302
2025-09-15,FaZe,10,254
2025-09-15,3DMAX,11,224
2025-09-15,paiN,12,186
2025-09-15,GamerLegion,13,159
2025-09-15,Astralis,14,145
2025-09-15,Liquid,15,140
2025-09-15,TYLOO,16,134
2025-09-15,HEROIC,17,116
2025-09-15,Virtus.pro,18,110
2025-09-15,M80,19,97
2025-09-15,Legacy,20,94
2025-09-15,Lynn Vision,21,88
2025-09-15,Ninjas in Pyjamas,22,77
2025-09-15,fnatic,23,75
2025-09-15,FlyQuest,24,61
2025-09-15,B8,25,57
2025-09-15,OG,26,55
2025-09-15,BetBoom,27,48
2025-09-15,SAW,28,47
2025-09-15,ENCE,29,44
2025-09-15,ECSTATIC,30,43
2025-09-15,9INE,31,41
2025-09-15,Imperial,32,41
2025-09-15,PARIVISION,33,41
2025-09-15,Gentle Mates,34,39
2025-09-15,NRG,35,39
2025-09-15,Nemiga,36,37
2025-09-15,BIG,37,35
2025-09-15,Passion UA,38,32
2025-09-15,Monte,39,32
2025-09-15,MIBR,40,32
2025-09-15,FUT,41,30
2025-09-15,The Huns,42,29
2025-09-15,BC.Game,43,29
2025-09-15,Wildcard,44,27
2025-09-15,9z,45,25
2025-09-15,TNL,46,24
2025-09-15,Betera,47,24
2025-09-15,ODDIK,48,23
2025-09-15,EYEBALLERS,49,23
2025-09-15,Zero Tenacity,50,23
2025-09-15,Reason,51,22
2025-09-15,Rare Atom,52,22
2025-09-15,Marsborne,53,21
2025-09-15,Chinggis Warriors,54,21
2025-09-15,ShindeN,55,19
2025-09-15,Venom,56,18
2025-09-15,Rave,57,18
2025-09-15,Spirit Academy,58,18
2025-09-15,Galorys,59,17
2025-09-15,Sangal,60,17
2025-09-15,Partizan,61,17
2025-09-15,Alliance,62,17
2025-09-15,BESTIA,63,17
2025-09-15,VP.Prodigy,64,16
2025-09-15,Sashi,65,16
2025-09-15,aimclub,66,16
2025-09-15,Eternal Fire,67,16
2025-09-15,ESC,68,16
2025-09-15,Fluxo,69,16
2025-09-15,33,70,15
2025-09-15,ARCRED,71,15
2025-09-15,HOTU,72,15
2025-09-15,CYBERSHOKE,73,15
2025-09-15,SINNERS,74,15
2025-09-15,BOSS,75,15
2025-09-15,Sharks,76,14
2025-09-15,Keyd Stars,77,14
2025-09-15,JiJieHao,78,14
2025-09-15,FORZE Reload,79,14
2025-09-15,ex-W7M,80,13
2025-09-15,Tricked,81,13
2025-09-15,Getting Info,82,13
2025-09-15,1win,83,13
2025-09-15,Eruption,84,12
2025-09-15,Rooster,85,12
2025-09-15,AMKAL,86,12
2025-09-15,GameHunters,87,12
2025-09-15,Metizport,88,11
2025-09-15,Nexus,89,11
2025-09-15,LAG,90,11
2025-09-15,SemperFi,91,11
2025-09-15,Kaleido,92,11
2025-09-15,Johnny Speeds,93,11
2025-09-15,K27,94,11
2025-09-15,500,95,11
2025-09-15,FAVBET,96,10
2025-09-15,RUBY,97,10
2025-09-15,NomadS,98,10
2025-09-15,Alter Ego,99,10
2025-09-15,CPH Wolves,100,10
2025-09-22,Vitality,1,910
2025-09-22,The MongolZ,2,894
2025-09-22,Spirit,3,650
2025-09-22,MOUZ,4,636
2025-09-22,FURIA,5,551
2025-09-22,G2,6,447
2025-09-22,Falcons,7,405
2025-09-22,Aurora,8,395
2025-09-22,Natus Vincere,9,339
2025-09-22,paiN,10,231
2025-09-22,FaZe,11,229
2025-09-22,Liquid,12,207
2025-09-22,3DMAX,13,197
2025-09-22,Astralis,14,185
2025-09-22,TYLOO,15,135
2025-09-22,Virtus.pro,16,126
2025-09-22,GamerLegion,17,118
2025-09-22,HEROIC,18,101
2025-09-22,Legacy,19,100
2025-09-22,M80,20,93
2025-09-22,Lynn Vision,21,89
2025-09-22,B8,22,81
2025-09-22,Ninjas in Pyjamas,23,79
2025-09-22,fnatic,24,69
2025-09-22,OG,25,54
2025-09-22,Gentle Mates,26,52
2025-09-22,PARIVISION,27,50
2025-09-22,BetBoom,28,49
2025-09-22,FlyQuest,29,46
2025-09-22,SAW,30,46
2025-09-22,ECSTATIC,31,43
2025-09-22,ENCE,32,42
2025-09-22,9INE,33,41
2025-09-22,Imperial,34,40
2025-09-22,Nemiga,35,38
2025-09-22,NRG,36,37
2025-09-22,Passion UA,37,37
2025-09-22,ESC,38,36
2025-09-22,BIG,39,33
2025-09-22,Monte,40,32
2025-09-22,FUT,41,30
2025-09-22,MIBR,42,29
2025-09-22,The Huns,43,28
2025-09-22,9z,44,27
2025-09-22,Wildcard,45,27
2025-09-22,BC.Game,46,25
2025-09-22,TNL,47,24
2025-09-22,Reason,48,24
2025-09-22,Alliance,49,22
2025-09-22,Rare Atom,50,21
2025-09-22,ODDIK,51,21
2025-09-22,EYEBALLERS,52,21
2025-09-22,Betera,53,21
2025-09-22,Chinggis Warriors,54,20
2025-09-22,Partizan,55,19
2025-09-22,Zero Tenacity,56,19
2025-09-22,BESTIA,57,19
2025-09-22,Marsborne,58,19
2025-09-22,Sangal,59,18
2025-09-22,Galorys,60,17
2025-09-22,Spirit Academy,61,17
2025-09-22,Sashi,62,17
2025-09-22,HOTU,63,17
2025-09-22,ShindeN,64,17
2025-09-22,Sharks,65,17
2025-09-22,ARCRED,66,16
2025-09-22,Venom,67,16
2025-09-22,VP.Prodigy,68,16
2025-09-22,Rave,69,16
2025-09-22,Fluxo,70,15
2025-09-22,aimclub,71,15
2025-09-22,33,72,15
2025-09-22,CYBERSHOKE,73,15
2025-09-22,SINNERS,74,14
2025-09-22,GUN5,75,14
2025-09-22,Eternal Fire,76,14
2025-09-22,FORZE Reload,77,14
2025-09-22,JiJieHao,78,14
2025-09-22,K27,79,13
2025-09-22,LAG,80,13
2025-09-22,500,81,13
2025-09-22,BOSS,82,13
2025-09-22,RUBY,83,13
2025-09-22,Getting Info,84,12
2025-09-22,1win,85,12
2025-09-22,ex-W7M,86,12
2025-09-22,FAVBET,87,12
2025-09-22,Rooster,88,12
2025-09-22,Eruption,89,12
2025-09-22,Keyd Stars,90,11
2025-09-22,Tricked,91,11
2025-09-22,SemperFi,92,11
2025-09-22,AMKAL,93,11
2025-09-22,Rhyno YNG,94,11
2025-09-22,Johnny Speeds,95,11
2025-09-22,Metizport,96,11
2025-09-22,Kaleido,97,11
2025-09-22,2GAME,98,10
2025-09-22,Nexus,99,10
2025-09-22,GameHunters,100,10
2025-09-29,The MongolZ,1,896
2025-09-29,Vitality,2,880
2025-09-29,MOUZ,3,600
2025-09-29,Spirit,4,577
2025-09-29,FURIA,5,500
2025-09-29,G2,6,432
2025-09-29,Falcons,7,401
2025-09-29,Aurora,8,389
2025-09-29,Natus Vincere,9,283
2025-09-29,paiN,10,225
2025-09-29,3DMAX,11,194
2025-09-29,Astralis,12,178
2025-09-29,Liquid,13,175
2025-09-29,FaZe,14,147
2025-09-29,TYLOO,15,130
2025-09-29,Virtus.pro,16,121
2025-09-29,GamerLegion,17,116
2025-09-29,HEROIC,18,104
2025-09-29,Legacy,19,94
2025-09-29,Lynn Vision,20,86
2025-09-29,B8,21,82
2025-09-29,M80,22,80
2025-09-29,Ninjas in Pyjamas,23,76
2025-09-29,fnatic,24,67
2025-09-29,OG,25,65
2025-09-29,ENCE,26,62
2025-09-29,PARIVISION,27,61
2025-09-29,Gentle Mates,28,55
2025-09-29,9INE,29,54
2025-09-29,BetBoom,30,54
2025-09-29,Passion UA,31,47
2025-09-29,SAW,32,42
2025-09-29,Inner Circle,33,40
2025-09-29,HOTU,34,39
2025-09-29,NRG,35,38
2025-09-29,ECSTATIC,36,37
2025-09-29,Imperial,37,37
2025-09-29,ex-Inner Circle,38,36
2025-09-29,BIG,39,34
2025-09-29,Nemiga,40,34
2025-09-29,ESC,41,34
2025-09-29,FlyQuest,42,33
2025-09-29,Monte,43,33
2025-09-29,FUT,44,33
2025-09-29,MIBR,45,29
2025-09-29,Zero Tenacity,46,26
2025-09-29,BC.Game,47,26
2025-09-29,Wildcard,48,24
2025-09-29,500,49,24
2025-09-29,Betera,50,23
2025-09-29,Alliance,51,23
2025-09-29,GenOne,52,23
2025-09-29,9z,53,22
2025-09-29,Partizan,54,22
2025-09-29,The Huns,55,21
2025-09-29,Reason,56,20
2025-09-29,33,57,20
2025-09-29,ODDIK,58,20
2025-09-29,Rare Atom,59,19
2025-09-29,BESTIA,60,19
2025-09-29,BASEMENT BOYS,61,19
2025-09-29,EYEBALLERS,62,19
2025-09-29,Fluxo,63,18
2025-09-29,Johnny Speeds,64,17
2025-09-29,SINNERS,65,17
2025-09-29,Sharks,66,16
2025-09-29,Sangal,67,16
2025-09-29,Galorys,68,16
2025-09-29,Venom,69,16
2025-09-29,Chinggis Warriors,70,16
2025-09-29,Sashi,71,16
2025-09-29,Marsborne,72,15
2025-09-29,Spirit Academy,73,15
2025-09-29,Betclic,74,14
2025-09-29,Keyd Stars,75,14
2025-09-29,Rave,76,14
2025-09-29,Rooster,77,14
2025-09-29,aimclub,78,14
2025-09-29,1win,79,14
2025-09-29,RUBY,80,13
2025-09-29,ARCRED,81,13
2025-09-29,GUN5,82,13
2025-09-29,Gaimin Gladiators,83,13
2025-09-29,FAVBET,84,13
2025-09-29,FORZE Reload,85,12
2025-09-29,Dusty Roots,86,12
2025-09-29,ShindeN,87,12
2025-09-29,SemperFi,88,12
2025-09-29,JiJieHao,89,12
2025-09-29,K27,90,12
2025-09-29,LAG,91,12
2025-09-29,Phantom,92,11
2025-09-29,Nuclear TigeRES,93,11
2025-09-29,Nexus,94,11
2025-09-29,Eternal Fire,95,11
2025-09-29,CYBERSHOKE,96,11
2025-09-29,CPH Wolves,97,11
2025-09-29,ECLOT,98,11
2025-09-29,kONO,99,11
2025-09-29,BOSS,100,10
2025-10-06,The MongolZ,1,872
2025-10-06,Vitality,2,837
2025-10-06,Spirit,3,648
2025-10-06,MOUZ,4,627
2025-10-06,FURIA,5,574
2025-10-06,G2,6,500
2025-10-06,Falcons,7,485
2025-10-06,Aurora,8,433
2025-10-06,Natus Vincere,9,295
2025-10-06,3DMAX,10,257
2025-10-06,Astralis,11,201
2025-10-06,Liquid,12,183
2025-10-06,paiN,13,179
2025-10-06,FaZe,14,168
2025-10-06,GamerLegion,15,150
2025-10-06,TYLOO,16,145
2025-10-06,Gentle Mates,17,126
2025-10-06,Virtus.pro,18,111
2025-10-06,B8,19,99
2025-10-06,HEROIC,20,98
2025-10-06,M80,21,96
2025-10-06,Inner Circle,22,92
2025-10-06,Legacy,23,91
2025-10-06,Ninjas in Pyjamas,24,90
2025-10-06,HOTU,25,88
2025-10-06,fnatic,26,86
2025-10-06,Lynn Vision,27,79
2025-10-06,9INE,28,71
2025-10-06,ENCE,29,70
2025-10-06,OG,30,67
2025-10-06,PARIVISION,31,64
2025-10-06,Passion UA,32,63
2025-10-06,BetBoom,33,56
2025-10-06,ECSTATIC,34,47
2025-10-06,MIBR,35,47
2025-10-06,SAW,36,45
2025-10-06,BIG,37,45
2025-10-06,Imperial,38,42
2025-10-06,ESC,39,41
2025-10-06,ex-Inner Circle,40,39
2025-10-06,NRG,41,39
2025-10-06,Monte,42,37
2025-10-06,FlyQuest,43,36
2025-10-06,Fluxo,44,35
2025-10-06,Zero Tenacity,45,32
2025-10-06,FUT,46,29
2025-10-06,Wildcard,47,29
2025-10-06,Betera,48,28
2025-10-06,EYEBALLERS,49,28
2025-10-06,ODDIK,50,27
2025-10-06,BASEMENT BOYS,51,26
2025-10-06,The Huns,52,25
2025-10-06,500,53,25
2025-10-06,GenOne,54,25
2025-10-06,Alliance,55,24
2025-10-06,9z,56,24
2025-10-06,Nemiga,57,23
2025-10-06,Sharks,58,23
2025-10-06,33,59,23
2025-10-06,BC.Game,60,22
2025-10-06,Johnny Speeds,61,21
2025-10-06,Partizan,62,21
2025-10-06,Rare Atom,63,20
2025-10-06,Oramond,64,20
2025-10-06,SINNERS,65,19
2025-10-06,RED Canids,66,19
2025-10-06,BESTIA,67,18
2025-10-06,Galorys,68,18
2025-10-06,Gaimin Gladiators,69,18
2025-10-06,ShindeN,70,18
2025-10-06,Sangal,71,17
2025-10-06,CYBERSHOKE,72,17
2025-10-06,Keyd Stars,73,17
2025-10-06,Venom,74,17
2025-10-06,FAVBET,75,17
2025-10-06,Rooster,76,17
2025-10-06,RUBY,77,17
2025-10-06,Betclic,78,16
2025-10-06,GUN5,79,16
2025-10-06,1win,80,16
2025-10-06,SemperFi,81,16
2025-10-06,Marsborne,82,16
2025-10-06,Spirit Academy,83,15
2025-10-06,JiJieHao,84,15
2025-10-06,aimclub,85,15
2025-10-06,Rave,86,14
2025-10-06,Kaleido,87,14
2025-10-06,Nexus,88,14
2025-10-06,Sashi,89,14
2025-10-06,Eternal Fire,90,14
2025-10-06,Chinggis Warriors,91,14
2025-10-06,Dusty Roots,92,14
2025-10-06,Nuclear TigeRES,93,14
2025-10-06,FORZE Reload,94,13
2025-10-06,MOUZ NXT,95,13
2025-10-06,Phantom,96,12
2025-10-06,LAG,97,12
2025-10-06,kONO,98,12
2025-10-06,ARCRED,99,12
2025-10-06,ECLOT,100,12
2025-10-13,Vitality,1,950
2025-10-13,The MongolZ,2,708
2025-10-13,MOUZ,3,625
2025-10-13,Falcons,4,608
2025-10-13,Spirit,5,557
2025-10-13,FURIA,6,535
2025-10-13,G2,7,403
2025-10-13,Aurora,8,356
2025-10-13,Natus Vincere,9,328
2025-10-13,3DMAX,10,273
2025-10-13,FaZe,11,246
2025-10-13,Astralis,12,168
2025-10-13,Liquid,13,152
2025-10-13,paiN,14,146
2025-10-13,TYLOO,15,122
2025-10-13,GamerLegion,16,120
2025-10-13,Gentle Mates,17,99
2025-10-13,Virtus.pro,18,92
2025-10-13,Inner Circle,19,92
2025-10-13,HOTU,20,83
2025-10-13,HEROIC,21,81
2025-10-13,B8,22,81
2025-10-13,Ninjas in Pyjamas,23,78
2025-10-13,M80,24,75
2025-10-13,Legacy,25,74
2025-10-13,Lynn Vision,26,63
2025-10-13,fnatic,27,60
2025-10-13,PARIVISION,28,51
2025-10-13,Passion UA,29,51
2025-10-13,9INE,30,50
2025-10-13,ENCE,31,49
2025-10-13,BetBoom,32,47
2025-10-13,OG,33,46
2025-10-13,SAW,34,42
2025-10-13,ECSTATIC,35,38
2025-10-13,MIBR,36,37
2025-10-13,ESC,37,36
2025-10-13,NRG,38,33
2025-10-13,ex-Inner Circle,39,32
2025-10-13,Monte,40,30
2025-10-13,FlyQuest,41,29
2025-10-13,Fluxo,42,28
2025-10-13,Imperial,43,28
2025-10-13,EYEBALLERS,44,23
2025-10-13,Wildcard,45,23
2025-10-13,BIG,46,23
2025-10-13,ODDIK,47,22
2025-10-13,BASEMENT BOYS,48,22
2025-10-13,FUT,49,21
2025-10-13,GenOne,50,21
2025-10-13,Zero Tenacity,51,21
2025-10-13,500,52,21
2025-10-13,Nemiga,53,20
2025-10-13,The Huns,54,19
2025-10-13,33,55,19
2025-10-13,SINNERS,56,18
2025-10-13,RUBY,57,18
2025-10-13,Alliance,58,18
2025-10-13,9z,59,17
2025-10-13,Betera,60,17
2025-10-13,Partizan,61,17
2025-10-13,RED Canids,62,17
2025-10-13,BESTIA,63,17
2025-10-13,Sharks,64,16
2025-10-13,Johnny Speeds,65,16
2025-10-13,FAVBET,66,16
2025-10-13,Oramond,67,16
2025-10-13,Rare Atom,68,15
2025-10-13,1win,69,15
2025-10-13,BC.Game,70,15
2025-10-13,GUN5,71,15
2025-10-13,Rooster,72,14
2025-10-13,Sangal,73,14
2025-10-13,Keyd Stars,74,14
2025-10-13,Venom,75,13
2025-10-13,Gaimin Gladiators,76,13
2025-10-13,ECLOT,77,13
2025-10-13,CYBERSHOKE,78,13
2025-10-13,Marsborne,79,13
2025-10-13,MOUZ NXT,80,12
2025-10-13,SemperFi,81,12
2025-10-13,aimclub,82,12
2025-10-13,Chinggis Warriors,83,12
2025-10-13,ShindeN,84,12
2025-10-13,Rave,85,12
2025-10-13,Betclic,86,11
2025-10-13,Getting Info,87,11
2025-10-13,Nuclear TigeRES,88,11
2025-10-13,kONO,89,11
2025-10-13,Kaleido,90,11
2025-10-13,Spirit Academy,91,11
2025-10-13,Galorys,92,11
2025-10-13,JiJieHao,93,10
2025-10-13,ARCRED,94,10
2025-10-13,Sashi,95,10
2025-10-13,FORZE Reload,96,10
2025-10-13,Phantom,97,10
2025-10-13,Dusty Roots,98,10
2025-10-13,CPH Wolves,99,9
2025-10-13,Fake do Biru,100,9
2025-10-20,Vitality,1,945
2025-10-20,The MongolZ,2,683
2025-10-20,FURIA,3,657
2025-10-20,MOUZ,4,622
2025-10-20,Spirit,5,561
2025-10-20,Falcons,6,555
2025-10-20,G2,7,407
2025-10-20,Natus Vincere,8,405
2025-10-20,Aurora,9,344
2025-10-20,3DMAX,10,303
2025-10-20,FaZe,11,253
2025-10-20,Liquid,12,188
2025-10-20,Astralis,13,161
2025-10-20,paiN,14,141
2025-10-20,Legacy,15,138
2025-10-20,GamerLegion,16,114
2025-10-20,Gentle Mates,17,99
2025-10-20,TYLOO,18,95
2025-10-20,HEROIC,19,95
2025-10-20,Inner Circle,20,88
2025-10-20,HOTU,21,85
2025-10-20,fnatic,22,82
2025-10-20,Virtus.pro,23,78
2025-10-20,Ninjas in Pyjamas,24,78
2025-10-20,M80,25,78
2025-10-20,B8,26,76
2025-10-20,Lynn Vision,27,59
2025-10-20,FUT,28,55
2025-10-20,PARIVISION,29,51
2025-10-20,ENCE,30,51
2025-10-20,9INE,31,50
2025-10-20,OG,32,46
2025-10-20,Passion UA,33,46
2025-10-20,MIBR,34,43
2025-10-20,BetBoom,35,40
2025-10-20,9z,36,39
2025-10-20,ECSTATIC,37,36
2025-10-20,ESC,38,36
2025-10-20,NRG,39,33
2025-10-20,Imperial,40,32
2025-10-20,ex-Inner Circle,41,32
2025-10-20,SAW,42,29
2025-10-20,FlyQuest,43,29
2025-10-20,Venom,44,29
2025-10-20,Monte,45,29
2025-10-20,Fluxo,46,26
2025-10-20,Nemiga,47,26
2025-10-20,BIG,48,22
2025-10-20,Wildcard,49,22
2025-10-20,BASEMENT BOYS,50,21
2025-10-20,The Huns,51,21
2025-10-20,EYEBALLERS,52,21
2025-10-20,SINNERS,53,20
2025-10-20,500,54,20
2025-10-20,RUBY,55,19
2025-10-20,33,56,19
2025-10-20,Sharks,57,19
2025-10-20,GenOne,58,19
2025-10-20,ODDIK,59,18
2025-10-20,Alliance,60,18
2025-10-20,Partizan,61,18
2025-10-20,Zero Tenacity,62,18
2025-10-20,1win,63,17
2025-10-20,BESTIA,64,17
2025-10-20,Sangal,65,17
2025-10-20,FAVBET,66,17
2025-10-20,RED Canids,67,16
2025-10-20,Gaimin Gladiators,68,16
2025-10-20,Betera,69,15
2025-10-20,GUN5,70,15
2025-10-20,Oramond,71,15
2025-10-20,ECLOT,72,14
2025-10-20,Johnny Speeds,73,14
2025-10-20,kONO,74,14
2025-10-20,Rare Atom,75,14
2025-10-20,Marsborne,76,13
2025-10-20,Keyd Stars,77,13
2025-10-20,SemperFi,78,13
2025-10-20,CYBERSHOKE,79,13
2025-10-20,MOUZ NXT,80,12
2025-10-20,Voca,81,12
2025-10-20,aimclub,82,12
2025-10-20,Rooster,83,12
2025-10-20,Chinggis Warriors,84,11
2025-10-20,BC.Game,85,11
2025-10-20,Spirit Academy,86,11
2025-10-20,Nuclear TigeRES,87,11
2025-10-20,ShindeN,88,11
2025-10-20,Rave,89,11
2025-10-20,Kaleido,90,10
2025-10-20,ARCRED,91,10
2025-10-20,Sashi,92,10
2025-10-20,FORZE Reload,93,10
2025-10-20,CPH Wolves,94,10
2025-10-20,JiJieHao,95,10
2025-10-20,K27,96,10
2025-10-20,Fake do Biru,97,10
2025-10-20,Phantom,98,10
2025-10-20,Galorys,99,10
2025-10-20,Betclic,100,9
2025-10-27,Vitality,1,945
2025-10-27,FURIA,2,664
2025-10-27,MOUZ,3,620
2025-10-27,The MongolZ,4,586
2025-10-27,Falcons,5,569
2025-10-27,Spirit,6,565
2025-10-27,Natus Vincere,7,425
2025-10-27,G2,8,412
2025-10-27,Aurora,9,364
2025-10-27,3DMAX,10,299
2025-10-27,FaZe,11,254
2025-10-27,Liquid,12,202
2025-10-27,Astralis,13,167
2025-10-27,paiN,14,165
2025-10-27,Legacy,15,157
2025-10-27,GamerLegion,16,117
2025-10-27,HEROIC,17,110
2025-10-27,Gentle Mates,18,104
2025-10-27,HOTU,19,95
2025-10-27,TYLOO,20,94
2025-10-27,Virtus.pro,21,90
2025-10-27,B8,22,89
2025-10-27,Ninjas in Pyjamas,23,77
2025-10-27,Inner Circle,24,76
2025-10-27,fnatic,25,72
2025-10-27,M80,26,67
2025-10-27,FUT,27,55
2025-10-27,Passion UA,28,52
2025-10-27,PARIVISION,29,51
2025-10-27,Lynn Vision,30,50
2025-10-27,9INE,31,49
2025-10-27,OG,32,47
2025-10-27,MIBR,33,46
2025-10-27,BetBoom,34,45
2025-10-27,ENCE,35,44
2025-10-27,9z,36,43
2025-10-27,SAW,37,42
2025-10-27,ESC,38,40
2025-10-27,ECSTATIC,39,37
2025-10-27,ex-Inner Circle,40,36
2025-10-27,FlyQuest,41,36
2025-10-27,NRG,42,34
2025-10-27,Imperial,43,33
2025-10-27,Venom,44,32
2025-10-27,Nemiga,45,28
2025-10-27,Fluxo,46,28
2025-10-27,BIG,47,25
2025-10-27,SINNERS,48,25
2025-10-27,Wildcard,49,24
2025-10-27,BASEMENT BOYS,50,24
2025-10-27,500,51,23
2025-10-27,Sharks,52,23
2025-10-27,Monte,53,23
2025-10-27,RUBY,54,21
2025-10-27,33,55,20
2025-10-27,Sangal,56,20
2025-10-27,The Huns,57,20
2025-10-27,Zero Tenacity,58,20
2025-10-27,EYEBALLERS,59,20
2025-10-27,Partizan,60,19
2025-10-27,RED Canids,61,19
2025-10-27,1win,62,19
2025-10-27,Alliance,63,18
2025-10-27,GenOne,64,18
2025-10-27,FAVBET,65,18
2025-10-27,GUN5,66,18
2025-10-27,kONO,67,17
2025-10-27,Gaimin Gladiators,68,17
2025-10-27,Betera,69,17
2025-10-27,ODDIK,70,17
2025-10-27,ECLOT,71,17
2025-10-27,Marsborne,72,16
2025-10-27,Johnny Speeds,73,16
2025-10-27,BESTIA,74,15
2025-10-27,SemperFi,75,15
2025-10-27,CYBERSHOKE,76,15
2025-10-27,Keyd Stars,77,14
2025-10-27,Oramond,78,13
2025-10-27,ShindeN,79,13
2025-10-27,Fake do Biru,80,13
2025-10-27,Voca,81,12
2025-10-27,BC.Game,82,12
2025-10-27,Nuclear TigeRES,83,12
2025-10-27,Rave,84,12
2025-10-27,Sashi,85,12
2025-10-27,Bounty Hunters,86,12
2025-10-27,Rare Atom,87,11
2025-10-27,Galorys,88,11
2025-10-27,MOUZ NXT,89,11
2025-10-27,ARCRED,90,11
2025-10-27,Spirit Academy,91,11
2025-10-27,Betclic,92,10
2025-10-27,Chinggis Warriors,93,10
2025-10-27,JiJieHao,94,10
2025-10-27,CPH Wolves,95,10
2025-10-27,FORZE Reload,96,10
2025-10-27,K27,97,10
2025-10-27,Kaleido,98,10
2025-10-27,Yawara,99,10
2025-10-27,SPARTA,100,10
2025-11-03,Vitality,1,950
2025-11-03,FURIA,2,665
2025-11-03,Falcons,3,626
2025-11-03,The MongolZ,4,603
2025-11-03,MOUZ,5,592
2025-11-03,Spirit,6,520
2025-11-03,Aurora,7,446
2025-11-03,Natus Vincere,8,372
2025-11-03,G2,9,369
2025-11-03,3DMAX,10,282
2025-11-03,FaZe,11,250
2025-11-03,Liquid,12,228
2025-11-03,Legacy,13,221
2025-11-03,Astralis,14,194
2025-11-03,paiN,15,183
2025-11-03,GamerLegion,16,148
2025-11-03,HEROIC,17,134
2025-11-03,Gentle Mates,18,120
2025-11-03,B8,19,118
2025-11-03,SAW,20,114
2025-11-03,TYLOO,21,95
2025-11-03,Virtus.pro,22,91
2025-11-03,fnatic,23,82
2025-11-03,M80,24,79
2025-11-03,HOTU,25,76
2025-11-03,Inner Circle,26,75
2025-11-03,Ninjas in Pyjamas,27,64
2025-11-03,FUT,28,56
2025-11-03,BetBoom,29,52
2025-11-03,Passion UA,30,52
2025-11-03,Lynn Vision,31,49
2025-11-03,9INE,32,49
2025-11-03,PARIVISION,33,49
2025-11-03,FlyQuest,34,48
2025-11-03,MIBR,35,46
2025-11-03,9z,36,42
2025-11-03,ENCE,37,41
2025-11-03,ESC,38,38
2025-11-03,ECSTATIC,39,38
2025-11-03,Venom,40,36
2025-11-03,ex-Inner Circle,41,36
2025-11-03,Imperial,42,34
2025-11-03,Nemiga,43,34
2025-11-03,OG,44,34
2025-11-03,BIG,45,27
2025-11-03,Fluxo,46,26
2025-11-03,NRG,47,25
2025-11-03,SINNERS,48,25
2025-11-03,500,49,23
2025-11-03,Monte,50,22
2025-11-03,Sharks,51,22
2025-11-03,BASEMENT BOYS,52,21
2025-11-03,RUBY,53,21
2025-11-03,Sangal,54,20
2025-11-03,Alliance,55,20
2025-11-03,33,56,20
2025-11-03,1win,57,19
2025-11-03,EYEBALLERS,58,19
2025-11-03,Wildcard,59,19
2025-11-03,FAVBET,60,18
2025-11-03,GUN5,61,18
2025-11-03,GenOne,62,18
2025-11-03,RED Canids,63,18
2025-11-03,CYBERSHOKE,64,18
2025-11-03,Marsborne,65,18
2025-11-03,Zero Tenacity,66,18
2025-11-03,Partizan,67,17
2025-11-03,Betera,68,17
2025-11-03,kONO,69,16
2025-11-03,ECLOT,70,16
2025-11-03,The Huns,71,15
2025-11-03,BESTIA,72,15
2025-11-03,Johnny Speeds,73,15
2025-11-03,Nuclear TigeRES,74,14
2025-11-03,SemperFi,75,13
2025-11-03,Gaimin Gladiators,76,13
2025-11-03,BC.Game,77,13
2025-11-03,Voca,78,13
2025-11-03,ODDIK,79,12
2025-11-03,Spirit Academy,80,12
2025-11-03,ShindeN,81,12
2025-11-03,Bounty Hunters,82,12
2025-11-03,Fake do Biru,83,12
2025-11-03,Keyd Stars,84,12
2025-11-03,SPARTA,85,11
2025-11-03,Oramond,86,11
2025-11-03,ARCRED,87,11
2025-11-03,Fire Flux,88,11
2025-11-03,Sashi,89,11
2025-11-03,MOUZ NXT,90,11
2025-11-03,Rare Atom,91,11
2025-11-03,Galorys,92,11
2025-11-03,JiJieHao,93,10
2025-11-03,Nexus,94,10
2025-11-03,Betclic,95,10
2025-11-03,Nemesis,96,10
2025-11-03,FORZE Reload,97,10
2025-11-03,Kaleido,98,9
2025-11-03,NOVAQ,99,9
2025-11-03,Yawara,100,9
2025-11-10,Vitality,1,946
2025-11-10,FURIA,2,796
2025-11-10,Falcons,3,629
2025-11-10,MOUZ,4,591
2025-11-10,The MongolZ,5,548
2025-11-10,Spirit,6,442
2025-11-10,Aurora,7,338
2025-11-10,G2,8,332
2025-11-10,Natus Vincere,9,298
2025-11-10,Astralis,10,229
2025-11-10,3DMAX,11,217
2025-11-10,FaZe,12,186
2025-11-10,Legacy,13,175
2025-11-10,Liquid,14,172
2025-11-10,paiN,15,164
2025-11-10,HEROIC,16,136
2025-11-10,GamerLegion,17,111
2025-11-10,Gentle Mates,18,95
2025-11-10,B8,19,92
2025-11-10,SAW,20,88
2025-11-10,Virtus.pro,21,85
2025-11-10,TYLOO,22,71
2025-11-10,Lynn Vision,23,67
2025-11-10,M80,24,67
2025-11-10,fnatic,25,63
2025-11-10,Inner Circle,26,61
2025-11-10,HOTU,27,59
2025-11-10,Ninjas in Pyjamas,28,55
2025-11-10,BetBoom,29,51
2025-11-10,FUT,30,44
2025-11-10,Passion UA,31,41
2025-11-10,PARIVISION,32,41
2025-11-10,FlyQuest,33,40
2025-11-10,ENCE,34,38
2025-11-10,MIBR,35,36
2025-11-10,9INE,36,35
2025-11-10,NRG,37,32
2025-11-10,9z,38,30
2025-11-10,EYEBALLERS,39,30
2025-11-10,Fluxo,40,29
2025-11-10,ESC,41,28
2025-11-10,Venom,42,26
2025-11-10,ex-Inner Circle,43,25
2025-11-10,Nemiga,44,25
2025-11-10,ECSTATIC,45,25
2025-11-10,OG,46,25
2025-11-10,Imperial,47,24
2025-11-10,Sharks,48,22
2025-11-10,BIG,49,21
2025-11-10,Marsborne,50,20
2025-11-10,SINNERS,51,19
2025-11-10,500,52,19
2025-11-10,Alliance,53,19
2025-11-10,33,54,17
2025-11-10,Monte,55,17
2025-11-10,Johnny Speeds,56,15
2025-11-10,1win,57,15
2025-11-10,RUBY,58,15
2025-11-10,Partizan,59,15
2025-11-10,GenOne,60,15
2025-11-10,Nuclear TigeRES,61,15
2025-11-10,Acend,62,15
2025-11-10,9BOOMPRO,63,15
2025-11-10,Sangal,64,14
2025-11-10,BASEMENT BOYS,65,14
2025-11-10,AM,66,14
2025-11-10,Wildcard,67,14
2025-11-10,RED Canids,68,13
2025-11-10,Zero Tenacity,69,13
2025-11-10,Sashi,70,13
2025-11-10,CYBERSHOKE,71,13
2025-11-10,kONO,72,13
2025-11-10,GUN5,73,13
2025-11-10,Keyd Stars,74,13
2025-11-10,Betera,75,12
2025-11-10,ECLOT,76,12
2025-11-10,FAVBET,77,12
2025-11-10,Oramond,78,12
2025-11-10,Gaimin Gladiators,79,11
2025-11-10,The Huns,80,11
2025-11-10,BESTIA,81,11
2025-11-10,Bounty Hunters,82,11
2025-11-10,MOUZ NXT,83,10
2025-11-10,Galorys,84,10
2025-11-10,Voca,85,10
2025-11-10,BC.Game,86,10
2025-11-10,Fire Flux,87,10
2025-11-10,Kaleido,88,10
2025-11-10,SPARTA,89,10
2025-11-10,K27,90,10
2025-11-10,NOVAQ,91,9
2025-11-10,ODDIK,92,9
2025-11-10,Betclic,93,9
2025-11-10,Fake do Biru,94,9
2025-11-10,Rare Atom,95,9
2025-11-10,Dusty Roots,96,9
2025-11-10,Spirit Academy,97,9
2025-11-10,JiJieHao,98,9
2025-11-10,777,99,9
2025-11-10,SemperFi,100,8
2025-11-17,Vitality,1,934
2025-11-17,FURIA,2,925
2025-11-17,Falcons,3,728
2025-11-17,MOUZ,4,540
2025-11-17,The MongolZ,5,448
2025-11-17,Spirit,6,358
2025-11-17,Aurora,7,325
2025-11-17,G2,8,301
2025-11-17,Natus Vincere,9,261
2025-11-17,paiN,10,217
2025-11-17,Astralis,11,209
2025-11-17,3DMAX,12,207
2025-11-17,FaZe,13,182
2025-11-17,Legacy,14,170
2025-11-17,Liquid,15,144
2025-11-17,HEROIC,16,128
2025-11-17,GamerLegion,17,105
2025-11-17,Gentle Mates,18,88
2025-11-17,SAW,19,81
2025-11-17,Passion UA,20,80
2025-11-17,B8,21,80
2025-11-17,Lynn Vision,22,77
2025-11-17,Virtus.pro,23,77
2025-11-17,HOTU,24,75
2025-11-17,TYLOO,25,73
2025-11-17,M80,26,63
2025-11-17,fnatic,27,63
2025-11-17,Inner Circle,28,61
2025-11-17,BetBoom,29,49
2025-11-17,Ninjas in Pyjamas,30,41
2025-11-17,FUT,31,41
2025-11-17,FlyQuest,32,37
2025-11-17,ENCE,33,37
2025-11-17,9INE,34,35
2025-11-17,PARIVISION,35,34
2025-11-17,MIBR,36,33
2025-11-17,EYEBALLERS,37,31
2025-11-17,NRG,38,30
2025-11-17,Fluxo,39,28
2025-11-17,OG,40,24
2025-11-17,ECSTATIC,41,23
2025-11-17,Phantom,42,23
2025-11-17,Venom,43,23
2025-11-17,Nemiga,44,23
2025-11-17,9z,45,22
2025-11-17,Imperial,46,22
2025-11-17,Sharks,47,21
2025-11-17,Rare Atom,48,20
2025-11-17,BIG,49,19
2025-11-17,SINNERS,50,19
2025-11-17,Alliance,51,18
2025-11-17,Marsborne,52,17
2025-11-17,Friendly Campers,53,16
2025-11-17,Nuclear TigeRES,54,16
2025-11-17,33,55,16
2025-11-17,Monte,56,15
2025-11-17,Johnny Speeds,57,15
2025-11-17,CYBERSHOKE,58,15
2025-11-17,500,59,15
2025-11-17,1win,60,14
2025-11-17,GenOne,61,14
2025-11-17,Acend,62,14
2025-11-17,AM,63,13
2025-11-17,RED Canids,64,13
2025-11-17,Wildcard,65,13
2025-11-17,Keyd Stars,66,13
2025-11-17,9BOOMPRO,67,12
2025-11-17,Sangal,68,12
2025-11-17,RUBY,69,12
2025-11-17,kONO,70,12
2025-11-17,BASEMENT BOYS,71,12
2025-11-17,Betera,72,12
2025-11-17,Sashi,73,12
2025-11-17,Oramond,74,11
2025-11-17,Partizan,75,11
2025-11-17,Gaimin Gladiators,76,11
2025-11-17,Bounty Hunters,77,11
2025-11-17,Zero Tenacity,78,11
2025-11-17,The Huns,79,11
2025-11-17,FAVBET,80,10
2025-11-17,NOVAQ,81,10
2025-11-17,ECLOT,82,9
2025-11-17,Voca,83,9
2025-11-17,BC.Game,84,9
2025-11-17,Metizport,85,9
2025-11-17,Kaleido,86,9
2025-11-17,SPARTA,87,9
2025-11-17,ODDIK,88,9
2025-11-17,Fire Flux,89,9
2025-11-17,JiJieHao,90,9
2025-11-17,BESTIA,91,9
2025-11-17,MOUZ NXT,92,9
2025-11-17,GUN5,93,9
2025-11-17,K27,94,9
2025-11-17,Galorys,95,9
2025-11-17,SemperFi,96,9
2025-11-17,Nemesis,97,8
2025-11-17,Nexus,98,8
2025-11-17,777,99,8
2025-11-17,Rave,100,8
2025-11-24,FURIA,1,930
2025-11-24,Vitality,2,921
2025-11-24,Falcons,3,711
2025-11-24,MOUZ,4,543
2025-11-24,The MongolZ,5,387
2025-11-24,Spirit,6,361
2025-11-24,G2,7,303
2025-11-24,Aurora,8,275
2025-11-24,Natus Vincere,9,262
2025-11-24,paiN,10,215
2025-11-24,Astralis,11,208
2025-11-24,3DMAX,12,197
2025-11-24,FaZe,13,186
2025-11-24,Legacy,14,161
2025-11-24,Liquid,15,146
2025-11-24,HEROIC,16,113
2025-11-24,GamerLegion,17,101
2025-11-24,Gentle Mates,18,83
2025-11-24,SAW,19,77
2025-11-24,Virtus.pro,20,76
2025-11-24,Passion UA,21,76
2025-11-24,Lynn Vision,22,75
2025-11-24,B8,23,73
2025-11-24,M80,24,66
2025-11-24,TYLOO,25,64
2025-11-24,fnatic,26,62
2025-11-24,FUT,27,57
2025-11-24,HOTU,28,53
2025-11-24,Inner Circle,29,46
2025-11-24,BetBoom,30,46
2025-11-24,FlyQuest,31,44
2025-11-24,Ninjas in Pyjamas,32,40
2025-11-24,EYEBALLERS,33,36
2025-11-24,MIBR,34,31
2025-11-24,NRG,35,30
2025-11-24,ECSTATIC,36,30
2025-11-24,Fluxo,37,29
2025-11-24,PARIVISION,38,28
2025-11-24,ENCE,39,27
2025-11-24,Nemiga,40,25
2025-11-24,9INE,41,24
2025-11-24,Imperial,42,22
2025-11-24,9z,43,22
2025-11-24,Venom,44,21
2025-11-24,Rare Atom,45,19
2025-11-24,OG,46,19
2025-11-24,Sharks,47,18
2025-11-24,SINNERS,48,17
2025-11-24,Marsborne,49,17
2025-11-24,BIG,50,16
2025-11-24,Nuclear TigeRES,51,16
2025-11-24,Alliance,52,16
2025-11-24,CYBERSHOKE,53,15
2025-11-24,AM,54,15
2025-11-24,Oramond,55,14
2025-11-24,Friendly Campers,56,13
2025-11-24,1win,57,13
2025-11-24,33,58,13
2025-11-24,Acend,59,13
2025-11-24,Monte,60,12
2025-11-24,Sangal,61,12
2025-11-24,Sashi,62,12
2025-11-24,Johnny Speeds,63,11
2025-11-24,MOUZ NXT,64,11
2025-11-24,Gaimin Gladiators,65,11
2025-11-24,GUN5,66,11
2025-11-24,Wildcard,67,11
2025-11-24,The Huns,68,10
2025-11-24,Nexus,69,10
2025-11-24,K27,70,10
2025-11-24,RED Canids,71,10
2025-11-24,FAVBET,72,10
2025-11-24,500,73,10
2025-11-24,SPARTA,74,10
2025-11-24,Bounty Hunters,75,10
2025-11-24,GenOne,76,10
2025-11-24,NOVAQ,77,10
2025-11-24,RUBY,78,10
2025-11-24,Metizport,79,10
2025-11-24,Betera,80,9
2025-11-24,Fire Flux,81,9
2025-11-24,kONO,82,9
2025-11-24,WW,83,9
2025-11-24,WOPA,84,9
2025-11-24,JiJieHao,85,9
2025-11-24,Voca,86,9
2025-11-24,Kaleido,87,9
2025-11-24,Leo,88,8
2025-11-24,Keyd Stars,89,8
2025-11-24,ECLOT,90,8
2025-11-24,Galorys,91,8
2025-11-24,ASTRAL,92,8
2025-11-24,ODDIK,93,8
2025-11-24,Fake do Biru,94,8
2025-11-24,Tricked,95,8
2025-11-24,SemperFi,96,7
2025-11-24,Spirit Academy,97,7
2025-11-24,Rave,98,7
2025-11-24,9BOOMPRO,99,7
2025-11-24,BESTIA,100,7
2025-12-01,FURIA,1,936
2025-12-01,Vitality,2,934
2025-12-01,Falcons,3,703
2025-12-01,MOUZ,4,537
2025-12-01,The MongolZ,5,396
2025-12-01,Spirit,6,355
2025-12-01,Natus Vincere,7,288
2025-12-01,G2,8,286
2025-12-01,Aurora,9,265
2025-12-01,paiN,10,219
2025-12-01,Astralis,11,210
2025-12-01,FaZe,12,193
2025-12-01,3DMAX,13,181
2025-12-01,Legacy,14,157
2025-12-01,Liquid,15,150
2025-12-01,B8,16,94
2025-12-01,GamerLegion,17,93
2025-12-01,HEROIC,18,93
2025-12-01,Virtus.pro,19,81
2025-12-01,SAW,20,80
2025-12-01,Passion UA,21,80
2025-12-01,M80,22,70
2025-12-01,Lynn Vision,23,70
2025-12-01,FUT,24,68
2025-12-01,PARIVISION,25,68
2025-12-01,Ninjas in Pyjamas,26,67
2025-12-01,fnatic,27,63
2025-12-01,TYLOO,28,63
2025-12-01,Gentle Mates,29,60
2025-12-01,FlyQuest,30,54
2025-12-01,BetBoom,31,49
2025-12-01,HOTU,32,38
2025-12-01,NRG,33,38
2025-12-01,Imperial,34,37
2025-12-01,EYEBALLERS,35,36
2025-12-01,Inner Circle,36,35
2025-12-01,Fluxo,37,30
2025-12-01,ECSTATIC,38,28
2025-12-01,Monte,39,26
2025-12-01,ENCE,40,26
2025-12-01,Nemiga,41,26
2025-12-01,Venom,42,24
2025-12-01,OG,43,23
2025-12-01,9z,44,23
2025-12-01,MIBR,45,20
2025-12-01,SINNERS,46,19
2025-12-01,Rare Atom,47,18
2025-12-01,Sharks,48,18
2025-12-01,Alliance,49,18
2025-12-01,Marsborne,50,18
2025-12-01,9INE,51,17
2025-12-01,Nuclear TigeRES,52,17
2025-12-01,CYBERSHOKE,53,16
2025-12-01,The Huns,54,16
2025-12-01,Sashi,55,15
2025-12-01,Oramond,56,15
2025-12-01,K27,57,15
2025-12-01,BIG,58,14
2025-12-01,Acend,59,14
2025-12-01,Sangal,60,14
2025-12-01,AM,61,14
2025-12-01,RED Canids,62,13
2025-12-01,1win,63,13
2025-12-01,GenOne,64,12
2025-12-01,33,65,12
2025-12-01,SPARTA,66,12
2025-12-01,Friendly Campers,67,12
2025-12-01,GUN5,68,11
2025-12-01,RUBY,69,11
2025-12-01,Bounty Hunters,70,11
2025-12-01,Johnny Speeds,71,11
2025-12-01,Metizport,72,10
2025-12-01,Nexus,73,10
2025-12-01,NOVAQ,74,10
2025-12-01,Gaimin Gladiators,75,10
2025-12-01,Fire Flux,76,10
2025-12-01,500,77,10
2025-12-01,kONO,78,10
2025-12-01,FAVBET,79,10
2025-12-01,ECLOT,80,9
2025-12-01,Voca,81,9
2025-12-01,Leo,82,9
2025-12-01,JiJieHao,83,8
2025-12-01,ASTRAL,84,8
2025-12-01,Betera,85,8
2025-12-01,BC.Game,86,8
2025-12-01,WOPA,87,8
2025-12-01,BESTIA,88,8
2025-12-01,Galorys,89,8
2025-12-01,Keyd Stars,90,8
2025-12-01,Phantom,91,8
2025-12-01,Spirit Academy,92,8
2025-12-01,FORZE Reload,93,8
2025-12-01,Wildcard,94,8
2025-12-01,Rave,95,8
2025-12-01,Tricked,96,7
2025-12-01,Change The Game,97,7
2025-12-01,Partizan,98,7
2025-12-01,CPH Wolves,99,7
2025-12-01,MOUZ NXT,100,7
2025-12-08,FURIA,1,942
2025-12-08,Vitality,2,870
2025-12-08,Falcons,3,657
2025-12-08,MOUZ,4,543
2025-12-08,The MongolZ,5,392
2025-12-08,Spirit,6,366
2025-12-08,Natus Vincere,7,284
2025-12-08,Aurora,8,257
2025-12-08,G2,9,229
2025-12-08,paiN,10,213
2025-12-08,Astralis,11,211
2025-12-08,FaZe,12,199
2025-12-08,3DMAX,13,187
2025-12-08,Liquid,14,163
2025-12-08,Legacy,15,153
2025-12-08,B8,16,124
2025-12-08,Passion UA,17,105
2025-12-08,GamerLegion,18,91
2025-12-08,HEROIC,19,90
2025-12-08,SAW,20,79
2025-12-08,Virtus.pro,21,78
2025-12-08,PARIVISION,22,76
2025-12-08,M80,23,71
2025-12-08,Ninjas in Pyjamas,24,69
2025-12-08,FUT,25,68
2025-12-08,Lynn Vision,26,68
2025-12-08,fnatic,27,64
2025-12-08,TYLOO,28,64
2025-12-08,Imperial,29,61
2025-12-08,Gentle Mates,30,59
2025-12-08,FlyQuest,31,51
2025-12-08,BetBoom,32,45
2025-12-08,EYEBALLERS,33,36
2025-12-08,NRG,34,35
2025-12-08,Inner Circle,35,32
2025-12-08,HOTU,36,30
2025-12-08,Fluxo,37,29
2025-12-08,ECSTATIC,38,27
2025-12-08,Monte,39,25
2025-12-08,ENCE,40,25
2025-12-08,Venom,41,23
2025-12-08,Nemiga,42,23
2025-12-08,OG,43,22
2025-12-08,9z,44,21
2025-12-08,MIBR,45,20
2025-12-08,Alliance,46,19
2025-12-08,Sharks,47,18
2025-12-08,K27,48,17
2025-12-08,Rare Atom,49,17
2025-12-08,CYBERSHOKE,50,16
2025-12-08,Marsborne,51,16
2025-12-08,Nuclear TigeRES,52,16
2025-12-08,Sashi,53,15
2025-12-08,Oramond,54,15
2025-12-08,BIG,55,13
2025-12-08,The Huns,56,13
2025-12-08,Acend,57,13
2025-12-08,AM,58,13
2025-12-08,SINNERS,59,13
2025-12-08,Sangal,60,13
2025-12-08,9INE,61,12
2025-12-08,GUN5,62,12
2025-12-08,SPARTA,63,12
2025-12-08,1win,64,11
2025-12-08,RED Canids,65,11
2025-12-08,GenOne,66,11
2025-12-08,33,67,11
2025-12-08,Metizport,68,10
2025-12-08,Tricked,69,10
2025-12-08,Gaimin Gladiators,70,10
2025-12-08,Fire Flux,71,9
2025-12-08,NOVAQ,72,9
2025-12-08,Bounty Hunters,73,9
2025-12-08,Johnny Speeds,74,9
2025-12-08,Nexus,75,9
2025-12-08,500,76,9
2025-12-08,Friendly Campers,77,9
2025-12-08,Betera,78,9
2025-12-08,kONO,79,8
2025-12-08,Galorys,80,8
2025-12-08,RUBY,81,8
2025-12-08,FAVBET,82,8
2025-12-08,Leo,83,8
2025-12-08,Voca,84,8
2025-12-08,FORZE Reload,85,8
2025-12-08,BC.Game,86,8
2025-12-08,WOPA,87,8
2025-12-08,Phantom,88,7
2025-12-08,Change The Game,89,7
2025-12-08,MOUZ NXT,90,7
2025-12-08,Keyd Stars,91,7
2025-12-08,Reign Above,92,7
2025-12-08,9BOOMPRO,93,7
2025-12-08,JiJieHao,94,7
2025-12-08,Kaleido,95,6
2025-12-08,CPH Wolves,96,6
2025-12-08,ECLOT,97,6
2025-12-08,Mavrek,98,6
2025-12-08,Spirit Academy,99,6
2025-12-08,WW,100,6
2025-12-15,Vitality,1,954
2025-12-15,FURIA,2,805
2025-12-15,Falcons,3,585
2025-12-15,MOUZ,4,479
2025-12-15,Spirit,5,439
2025-12-15,FaZe,6,378
2025-12-15,The MongolZ,7,354
2025-12-15,Natus Vincere,8,346
2025-12-15,Aurora,9,209
2025-12-15,G2,10,202
2025-12-15,Astralis,11,182
2025-12-15,B8,12,153
2025-12-15,3DMAX,13,153
2025-12-15,paiN,14,135
2025-12-15,Liquid,15,130
2025-12-15,Passion UA,16,126
2025-12-15,Legacy,17,116
2025-12-15,PARIVISION,18,85
2025-12-15,HEROIC,19,84
2025-12-15,SAW,20,78
2025-12-15,Imperial,21,76
2025-12-15,M80,22,71
2025-12-15,GamerLegion,23,69
2025-12-15,Virtus.pro,24,69
2025-12-15,Lynn Vision,25,61
2025-12-15,FUT,26,58
2025-12-15,Gentle Mates,27,57
2025-12-15,Ninjas in Pyjamas,28,56
2025-12-15,fnatic,29,54
2025-12-15,FlyQuest,30,54
2025-12-15,TYLOO,31,53
2025-12-15,BetBoom,32,46
2025-12-15,EYEBALLERS,33,42
2025-12-15,NRG,34,39
2025-12-15,Fluxo,35,34
2025-12-15,HOTU,36,31
2025-12-15,Inner Circle,37,30
2025-12-15,ECSTATIC,38,29
2025-12-15,ENCE,39,28
2025-12-15,Monte,40,28
2025-12-15,K27,41,23
2025-12-15,Alliance,42,22
2025-12-15,CYBERSHOKE,43,21
2025-12-15,Oramond,44,21
2025-12-15,BIG,45,20
2025-12-15,Sharks,46,20
2025-12-15,OG,47,20
2025-12-15,The Huns,48,20
2025-12-15,Nuclear TigeRES,49,20
2025-12-15,Marsborne,50,18
2025-12-15,Sashi,51,18
2025-12-15,Nemiga,52,18
2025-12-15,AM,53,17
2025-12-15,Acend,54,17
2025-12-15,Rare Atom,55,16
2025-12-15,Venom,56,16
2025-12-15,SINNERS,57,16
2025-12-15,MIBR,58,15
2025-12-15,9z,59,15
2025-12-15,GUN5,60,15
2025-12-15,RED Canids,61,15
2025-12-15,Sangal,62,15
2025-12-15,SPARTA,63,14
2025-12-15,9INE,64,14
2025-12-15,GenOne,65,14
2025-12-15,Johnny Speeds,66,13
2025-12-15,500,67,13
2025-12-15,33,68,13
2025-12-15,ex-Betera,69,13
2025-12-15,Tricked,70,13
2025-12-15,Fire Flux,71,12
2025-12-15,NOVAQ,72,12
2025-12-15,Nexus,73,12
2025-12-15,Metizport,74,11
2025-12-15,Bounty Hunters,75,11
2025-12-15,1win,76,11
2025-12-15,Galorys,77,11
2025-12-15,illwill,78,11
2025-12-15,Gaimin Gladiators,79,10
2025-12-15,Leo,80,10
2025-12-15,FORZE Reload,81,10
2025-12-15,RUBY,82,10
2025-12-15,FAVBET,83,9
2025-12-15,Keyd Stars,84,9
2025-12-15,Voca,85,9
2025-12-15,Friendly Campers,86,9
2025-12-15,Change The Game,87,9
2025-12-15,BC.Game,88,9
2025-12-15,Kaleido,89,9
2025-12-15,Reign Above,90,8
2025-12-15,WOPA,91,8
2025-12-15,CPH Wolves,92,8
2025-12-15,MOUZ NXT,93,8
2025-12-15,JiJieHao,94,8
2025-12-15,Rave,95,8
2025-12-15,WW,96,8
2025-12-15,Mavrek,97,8
2025-12-15,Deep Cross,98,8
2025-12-15,Bushido Wildcats,99,8
2025-12-15,Young Ninjas,100,8
2025-12-22,Vitality,1,954
2025-12-22,FURIA,2,808
2025-12-22,Falcons,3,586
2025-12-22,MOUZ,4,478
2025-12-22,FaZe,5,380
2025-12-22,The MongolZ,6,354
2025-12-22,Natus Vincire,7,346
2025-12-22,Natus Vincere,7,346
2025-12-22,Spirit,8,328
2025-12-22,Aurora,9,208
2025-12-22,G2,10,202
2025-12-22,Astralis,11,182
2025-12-22,B8,12,154
2025-12-22,3DMAX,13,153
2025-12-22,paiN,14,135
2025-12-22,Liquid,15,130
2025-12-22,Passion UA,16,126
2025-12-22,Legacy,17,116
2025-12-22,PARIVISION,18,85
2025-12-22,HEROIC,19,85
2025-12-22,SAW,20,84
2025-12-22,Imperial,21,77
2025-12-22,GamerLegion,22,69
2025-12-22,Virtus.pro,23,69
2025-12-22,Ninjas in Pyjamas,24,66
2025-12-22,M80,25,62
2025-12-22,Gentle Mates,26,60
2025-12-22,FUT,27,58
2025-12-22,Lynn Vision,28,57
2025-12-22,fnatic,29,55
2025-12-22,FlyQuest,30,54
2025-12-22,TYLOO,31,53
2025-12-22,BetBoom,32,46
2025-12-22,EYEBALLERS,33,41
2025-12-22,NRG,34,39
2025-12-22,Fluxo,35,34
2025-12-22,HOTU,36,31
2025-12-22,ECSTATIC,37,29
2025-12-22,CYBERSHOKE,38,28
2025-12-22,Inner Circle,39,28
2025-12-22,Monte,40,28
2025-12-22,ENCE,41,26
2025-12-22,Oramond,42,25
2025-12-22,Sharks,43,24
2025-12-22,K27,44,23
2025-12-22,Alliance,45,22
2025-12-22,BESTIA,46,21
2025-12-22,OG,47,20
2025-12-22,The Huns,48,20
2025-12-22,Nuclear TigeRES,49,20
2025-12-22,BIG,50,19
2025-12-22,Acend,51,19
2025-12-22,Friendly Campers,52,19
2025-12-22,Marsborne,53,18
2025-12-22,Venom,54,18
2025-12-22,Rare Atom,55,18
2025-12-22,Sashi,56,18
2025-12-22,Nemiga,57,17
2025-12-22,9INE,58,17
2025-12-22,9z,59,16
2025-12-22,SINNERS,60,16
2025-12-22,AM,61,16
2025-12-22,MIBR,62,15
2025-12-22,illwill,63,15
2025-12-22,RED Canids,64,15
2025-12-22,GenOne,65,14
2025-12-22,GUN5,66,14
2025-12-22,magic,67,14
2025-12-22,Sangal,68,14
2025-12-22,SPARTA,69,14
2025-12-22,Fire Flux,70,14
2025-12-22,33,71,13
2025-12-22,Johnny Speeds,72,13
2025-12-22,500,73,13
2025-12-22,Chinggis Warriors,74,13
2025-12-22,Tricked,75,12
2025-12-22,Change The Game,76,12
2025-12-22,Nexus,77,12
2025-12-22,MOUZ NXT,78,12
2025-12-22,NOVAQ,79,12
2025-12-22,Metizport,80,11
2025-12-22,Bounty Hunters,81,11
2025-12-22,1win,82,11
2025-12-22,Galorys,83,11
2025-12-22,JiJieHao,84,11
2025-12-22,Fingers Crossed,85,11
2025-12-22,Gaimin Gladiators,86,10
2025-12-22,Lazer Cats,87,10
2025-12-22,Phantom,88,10
2025-12-22,FORZE Reload,89,10
2025-12-22,HEROIC Academy,90,10
2025-12-22,RUBY,91,10
2025-12-22,Voca,92,10
2025-12-22,Leo,93,10
2025-12-22,FAVBET,94,9
2025-12-22,Deep Cross,95,9
2025-12-22,ASTRAL,96,9
2025-12-22,Kaleido,97,9
2025-12-22,Keyd Stars,98,8
2025-12-22,Reign Above,99,8
2025-12-22,G2 Ares,100,8
2025-12-29,Vitality,1,954
2025-12-29,FURIA,2,811
2025-12-29,Falcons,3,588
2025-12-29,MOUZ,4,477
2025-12-29,FaZe,5,382
2025-12-29,The MongolZ,6,353
2025-12-29,Natus Vincere,7,347
2025-12-29,Spirit,8,327
2025-12-29,G2,9,202
2025-12-29,Aurora,10,175
2025-12-29,B8,11,154
2025-12-29,3DMAX,12,153
2025-12-29,paiN,13,135
2025-12-29,Astralis,14,130
2025-12-29,Liquid,15,130
2025-12-29,Passion UA,16,126
2025-12-29,Legacy,17,116
2025-12-29,PARIVISION,18,85
2025-12-29,HEROIC,19,85
2025-12-29,SAW,20,84
2025-12-29,Imperial,21,77
2025-12-29,Virtus.pro,22,69
2025-12-29,GamerLegion,23,69
2025-12-29,Ninjas in Pyjamas,24,66
2025-12-29,M80,25,62
2025-12-29,Gentle Mates,26,60
2025-12-29,FUT,27,58
2025-12-29,Lynn Vision,28,57
2025-12-29,fnatic,29,55
2025-12-29,FlyQuest,30,54
2025-12-29,TYLOO,31,53
2025-12-29,BetBoom,32,46
2025-12-29,EYEBALLERS,33,41
2025-12-29,NRG,34,34
2025-12-29,Fluxo,35,34
2025-12-29,HOTU,36,31
2025-12-29,ECSTATIC,37,29
2025-12-29,CYBERSHOKE,38,28
2025-12-29,Inner Circle,39,28
2025-12-29,Monte,40,28
2025-12-29,ENCE,41,26
2025-12-29,Oramond,42,25
2025-12-29,Sharks,43,24
2025-12-29,K27,44,23
2025-12-29,Alliance,45,22
2025-12-29,BESTIA,46,21
2025-12-29,OG,47,20
2025-12-29,The Huns,48,20
2025-12-29,Nuclear TigeRES,49,20
2025-12-29,BIG,50,20
2025-12-29,Acend,51,19
2025-12-29,Friendly Campers,52,19
2025-12-29,Marsborne,53,18
2025-12-29,Venom,54,18
2025-12-29,Rare Atom,55,18
2025-12-29,Sashi,56,18
2025-12-29,9INE,57,17
2025-12-29,Nemiga,58,17
2025-12-29,9z,59,16
2025-12-29,AM,60,16
2025-12-29,GenOne,61,15
2025-12-29,MIBR,62,15
2025-12-29,illwill,63,15
2025-12-29,RED Canids,64,15
2025-12-29,magic,65,14
2025-12-29,SPARTA,66,14
2025-12-29,Sangal,67,14
2025-12-29,SINNERS,68,14
2025-12-29,Johnny Speeds,69,13
2025-12-29,500,70,13
2025-12-29,Chinggis Warriors,71,13
2025-12-29,33,72,13
2025-12-29,Tricked,73,12
2025-12-29,Fire Flux,74,12
2025-12-29,Change The Game,75,12
2025-12-29,Nexus,76,12
2025-12-29,MOUZ NXT,77,12
2025-12-29,Metizport,78,11
2025-12-29,Bounty Hunters,79,11
2025-12-29,1win,80,11
2025-12-29,Galorys,81,11
2025-12-29,Fingers Crossed,82,11
2025-12-29,JiJieHao,83,11
2025-12-29,Morningstar,84,11
2025-12-29,Gaimin Gladiators,85,10
2025-12-29,FORZE Reload,86,10
2025-12-29,Lazer Cats,87,10
2025-12-29,NOVAQ,88,10
2025-12-29,Phantom,89,10
2025-12-29,HEROIC Academy,90,10
2025-12-29,RUBY,91,10
2025-12-29,Voca,92,10
2025-12-29,Leo,93,10
2025-12-29,FAVBET,94,9
2025-12-29,Deep Cross,95,9
2025-12-29,ASTRAL,96,9
2025-12-29,Reign Above,97,8
2025-12-29,G2 Ares,98,8
2025-12-29,CPH Wolves,99,8
2025-12-29,WW,100,8
2026-01-05,Vitality,1,954
2026-01-05,FURIA,2,814
2026-01-05,Falcons,3,589
2026-01-05,MOUZ,4,476
2026-01-05,FaZe,5,384
2026-01-05,The MongolZ,6,353
2026-01-05,Natus Vincire,7,348
2026-01-05,Natus Vincere,7,348
2026-01-05,Spirit,8,326
2026-01-05,G2,9,202
2026-01-05,Aurora,10,174
2026-01-05,B8,11,155
2026-01-05,3DMAX,12,153
2026-01-05,paiN,13,135
2026-01-05,Astralis,14,130
2026-01-05,Liquid,15,130
2026-01-05,Passion UA,16,127
2026-01-05,Legacy,17,116
2026-01-05,HEROIC,18,85
2026-01-05,Imperial,19,77
2026-01-05,PARIVISION,20,75
2026-01-05,GamerLegion,21,73
2026-01-05,Virtus.pro,22,69
2026-01-05,Ninjas in Pyjamas,23,66
2026-01-05,M80,24,62
2026-01-05,Gentle Mates,25,60
2026-01-05,BC.Game,26,58
2026-01-05,FUT,27,58
2026-01-05,Lynn Vision,28,57
2026-01-05,fnatic,29,55
2026-01-05,NRG,30,51
2026-01-05,BetBoom,31,50
2026-01-05,FlyQuest,32,48
2026-01-05,TYLOO,33,46
2026-01-05,EYEBALLERS,34,41
2026-01-05,HOTU,35,34
2026-01-05,Fluxo,36,34
2026-01-05,CYBERSHOKE,37,28
2026-01-05,Inner Circle,38,28
2026-01-05,Monte,39,28
2026-01-05,ENCE,40,26
2026-01-05,Oramond,41,25
2026-01-05,9INE,42,25
2026-01-05,Sharks,43,24
2026-01-05,K27,44,23
2026-01-05,Alliance,45,22
2026-01-05,BESTIA,46,21
2026-01-05,ECSTATIC,47,21
2026-01-05,Marsborne,48,20
2026-01-05,Rare Atom,49,20
2026-01-05,OG,50,20
2026-01-05,Nuclear TigeRES,51,20
2026-01-05,Acend,52,19
2026-01-05,The Huns,53,18
2026-01-05,Friendly Campers,54,18
2026-01-05,Sashi,55,18
2026-01-05,Venom,56,18
2026-01-05,BIG,57,17
2026-01-05,Nemiga,58,17
2026-01-05,9z,59,16
2026-01-05,MOUZ NXT,60,16
2026-01-05,AM,61,16
2026-01-05,GenOne,62,15
2026-01-05,Voca,63,15
2026-01-05,illwill,64,15
2026-01-05,RED Canids,65,15
2026-01-05,Wildcard,66,15
2026-01-05,magic,67,14
2026-01-05,SPARTA,68,14
2026-01-05,SINNERS,69,14
2026-01-05,Johnny Speeds,70,13
2026-01-05,ex-500,71,13
2026-01-05,Chinggis Warriors,72,13
2026-01-05,33,73,13
2026-01-05,Tricked,74,12
2026-01-05,Fire Flux,75,12
2026-01-05,Change The Game,76,12
2026-01-05,Nexus,77,12
2026-01-05,ASTRAL,78,11
2026-01-05,Bounty Hunters,79,11
2026-01-05,1win,80,11
2026-01-05,NOVAQ,81,11
2026-01-05,Galorys,82,11
2026-01-05,Sangal,83,11
2026-01-05,JiJieHao,84,11
2026-01-05,DEPO,85,11
2026-01-05,F5,86,10
2026-01-05,Gaimin Gladiators,87,10
2026-01-05,Metizport,88,10
2026-01-05,MIBR,89,10
2026-01-05,Morningstar,90,10
2026-01-05,FORZE Reload,91,10
2026-01-05,Lazer Cats,92,10
2026-01-05,Phantom,93,10
2026-01-05,Reign Above,94,10
2026-01-05,HEROIC Academy,95,10
2026-01-05,Leo,96,10
2026-01-05,FAVBET,97,9
2026-01-05,Deep Cross,98,9
2026-01-05,AaB,99,9
2026-01-05,G2 Ares,100,8
2026-01-12,Vitality,1,954
2026-01-12,FURIA,2,817
2026-01-12,Falcons,3,590
2026-01-12,MOUZ,4,475
2026-01-12,FaZe,5,386
2026-01-12,The MongolZ,6,352
2026-01-12,Natus Vincere,7,348
2026-01-12,Natus Vincire,7,348
2026-01-12,Spirit,8,326
2026-01-12,G2,9,202
2026-01-12,Aurora,10,173
2026-01-12,B8,11,155
2026-01-12,3DMAX,12,153
2026-01-12,paiN,13,136
2026-01-12,Astralis,14,130
2026-01-12,Liquid,15,130
2026-01-12,Passion UA,16,127
2026-01-12,Legacy,17,116
2026-01-12,Imperial,18,77
2026-01-12,PARIVISION,19,75
2026-01-12,M80,20,73
2026-01-12,GamerLegion,21,73
2026-01-12,Virtus.pro,22,69
2026-01-12,Ninjas in Pyjamas,23,66
2026-01-12,HEROIC,24,65
2026-01-12,Gentle Mates,25,60
2026-01-12,BC.Game,26,58
2026-01-12,FUT,27,58
2026-01-12,Lynn Vision,28,57
2026-01-12,NRG,29,56
2026-01-12,BetBoom,30,50
2026-01-12,FlyQuest,31,48
2026-01-12,fnatic,32,48
2026-01-12,TYLOO,33,46
2026-01-12,EYEBALLERS,34,41
2026-01-12,HOTU,35,35
2026-01-12,Fluxo,36,30
2026-01-12,CYBERSHOKE,37,28
2026-01-12,Oramond,38,25
2026-01-12,9INE,39,25
2026-01-12,Inner Circle,40,24
2026-01-12,Monte,41,24
2026-01-12,Sharks,42,24
2026-01-12,Marsborne,43,24
2026-01-12,K27,44,23
2026-01-12,BESTIA,45,21
2026-01-12,ENCE,46,21
2026-01-12,ECSTATIC,47,21
2026-01-12,Rare Atom,48,20
2026-01-12,Voca,49,20
2026-01-12,OG,50,20
2026-01-12,Nuclear TigeRES,51,20
2026-01-12,Alliance,52,19
2026-01-12,The Huns,53,18
2026-01-12,Friendly Campers,54,18
2026-01-12,Sashi,55,18
2026-01-12,Venom,56,18
2026-01-12,Acend,57,18
2026-01-12,MOUZ NXT,58,16
2026-01-12,GenOne,59,16
2026-01-12,AM,60,16
2026-01-12,RED Canids,61,15
2026-01-12,illwill,62,15
2026-01-12,Wildcard,63,15
2026-01-12,magic,64,14
2026-01-12,SPARTA,65,14
2026-01-12,SINNERS,66,14
2026-01-12,Johnny Speeds,67,13
2026-01-12,ex-500,68,13
2026-01-12,Chinggis Warriors,69,13
2026-01-12,BET-M,70,13
2026-01-12,Tricked,71,12
2026-01-12,Nexus,72,12
2026-01-12,ASTRAL,73,11
2026-01-12,Change The Game,74,11
2026-01-12,1win,75,11
2026-01-12,NOVAQ,76,11
2026-01-12,Galorys,77,11
2026-01-12,JiJieHao,78,11
2026-01-12,DEPO,79,11
2026-01-12,Rave,80,11
2026-01-12,F5,81,10
2026-01-12,Gaimin Gladiators,82,10
2026-01-12,Nemiga,83,10
2026-01-12,Metizport,84,10
2026-01-12,Sangal,85,10
2026-01-12,MIBR,86,10
2026-01-12,Morningstar,87,10
2026-01-12,Lazer Cats,88,10
2026-01-12,Reign Above,89,10
2026-01-12,Bounty Hunters,90,10
2026-01-12,HEROIC Academy,91,10
2026-01-12,Leo,92,10
2026-01-12,FAVBET,93,9
2026-01-12,FORZE Reload,94,9
2026-01-12,BIG,95,9
2026-01-12,Phantom,96,9
2026-01-12,AaB,97,9
2026-01-12,Deep Cross,98,9
2026-01-12,G2 Ares,99,8
2026-01-12,BOSS,100,8
2026-01-19,Vitality,1,960
2026-01-19,FURIA,2,807
2026-01-19,Falcons,3,608
2026-01-19,MOUZ,4,474
2026-01-19,FaZe,5,374
2026-01-19,Spirit,6,347
2026-01-19,Natus Vincire,7,332
2026-01-19,Natus Vincere,7,332
2026-01-19,The MongolZ,8,328
2026-01-19,G2,9,190
2026-01-19,Aurora,10,153
2026-01-19,Liquid,11,147
2026-01-19,3DMAX,12,143
2026-01-19,Astralis,13,127
2026-01-19,paiN,14,125
2026-01-19,Passion UA,15,123
2026-01-19,B8,16,122
2026-01-19,PARIVISION,17,112
2026-01-19,Legacy,18,107
2026-01-19,GamerLegion,19,104
2026-01-19,HEROIC,20,88
2026-01-19,Imperial,21,76
2026-01-19,Gentle Mates,22,71
2026-01-19,FUT,23,71
2026-01-19,M80,24,71
2026-01-19,Ninjas in Pyjamas,25,64
2026-01-19,Lynn Vision,26,57
2026-01-19,NRG,27,54
2026-01-19,BC.Game,28,53
2026-01-19,Virtus.pro,29,52
2026-01-19,EYEBALLERS,30,52
2026-01-19,fnatic,31,51
2026-01-19,FlyQuest,32,44
2026-01-19,TYLOO,33,43
2026-01-19,BetBoom,34,41
2026-01-19,Sharks,35,39
2026-01-19,HOTU,36,38
2026-01-19,Inner Circle,37,35
2026-01-19,Monte,38,33
2026-01-19,Fluxo,39,30
2026-01-19,Oramond,40,27
2026-01-19,CYBERSHOKE,41,27
2026-01-19,MIBR,42,26
2026-01-19,9INE,43,25
2026-01-19,BESTIA,44,24
2026-01-19,ECSTATIC,45,23
2026-01-19,Marsborne,46,22
2026-01-19,K27,47,22
2026-01-19,ENCE,48,21
2026-01-19,Rare Atom,49,21
2026-01-19,OG,50,19
2026-01-19,Alliance,51,19
2026-01-19,Sashi,52,19
2026-01-19,Voca,53,18
2026-01-19,The Huns,54,18
2026-01-19,AM,55,18
2026-01-19,MOUZ NXT,56,18
2026-01-19,Friendly Campers,57,17
2026-01-19,KOLESIE,58,17
2026-01-19,Tricked,59,17
2026-01-19,Johnny Speeds,60,17
2026-01-19,Nuclear TigeRES,61,17
2026-01-19,RED Canids,62,16
2026-01-19,illwill,63,16
2026-01-19,GenOne,64,15
2026-01-19,Nemesis,65,15
2026-01-19,Wildcard,66,14
2026-01-19,SPARTA,67,13
2026-01-19,magic,68,13
2026-01-19,SINNERS,69,13
2026-01-19,BIG,70,13
2026-01-19,Acend,71,13
2026-01-19,Chinggis Warriors,72,13
2026-01-19,ex-500,73,12
2026-01-19,Gaimin Gladiators,74,12
2026-01-19,Eruption,75,11
2026-01-19,ASTRAL,76,11
2026-01-19,JiJieHao,77,11
2026-01-19,Nemiga,78,10
2026-01-19,BET-M,79,10
2026-01-19,F5,80,10
2026-01-19,DEPO,81,10
2026-01-19,Phantom,82,10
2026-01-19,Galorys,83,10
2026-01-19,Rave,84,10
2026-01-19,Lazer Cats,85,10
2026-01-19,Reign Above,86,10
2026-01-19,AaB,87,10
2026-01-19,FORZE Reload,88,10
2026-01-19,Sangal,89,10
2026-01-19,NOVAQ,90,10
2026-01-19,ex-RUBY,91,10
2026-01-19,Morningstar,92,9
2026-01-19,HEROIC Academy,93,9
2026-01-19,Yawara,94,9
2026-01-19,STATE,95,9
2026-01-19,Metizport,96,9
2026-01-19,1win,97,9
2026-01-19,Nexus,98,9
2026-01-19,Change The Game,99,9
2026-01-19,Betclic,100,9
2026-01-26,Vitality,1,966
2026-01-26,FURIA,2,822
2026-01-26,Falcons,3,680
2026-01-26,MOUZ,4,456
2026-01-26,FaZe,5,374
2026-01-26,PARIVISION,6,358
2026-01-26,Natus Vincere,7,333
2026-01-26,Natus Vincire,7,333
2026-01-26,Spirit,8,323
2026-01-26,The MongolZ,9,311
2026-01-26,G2,10,176
2026-01-26,3DMAX,11,148
2026-01-26,Liquid,12,140
2026-01-26,Aurora,13,132
2026-01-26,Passion UA,14,126
2026-01-26,paiN,15,125
2026-01-26,B8,16,119
2026-01-26,Astralis,17,116
2026-01-26,GamerLegion,18,94
2026-01-26,HEROIC,19,90
2026-01-26,Legacy,20,83
2026-01-26,Imperial,21,74
2026-01-26,FUT,22,72
2026-01-26,M80,23,69
2026-01-26,Ninjas in Pyjamas,24,67
2026-01-26,Gentle Mates,25,66
2026-01-26,Lynn Vision,26,57
2026-01-26,NRG,27,57
2026-01-26,EYEBALLERS,28,54
2026-01-26,Virtus.pro,29,53
2026-01-26,FlyQuest,30,51
2026-01-26,HOTU,31,49
2026-01-26,TYLOO,32,45
2026-01-26,fnatic,33,43
2026-01-26,BetBoom,34,43
2026-01-26,Sharks,35,39
2026-01-26,MIBR,36,36
2026-01-26,Inner Circle,37,36
2026-01-26,Monte,38,35
2026-01-26,9INE,39,28
2026-01-26,BC.Game,40,28
2026-01-26,BESTIA,41,28
2026-01-26,Oramond,42,25
2026-01-26,K27,43,25
2026-01-26,CYBERSHOKE,44,25
2026-01-26,Nuclear TigeRES,45,25
2026-01-26,Fluxo,46,25
2026-01-26,RED Canids,47,24
2026-01-26,ECSTATIC,48,23
2026-01-26,ENCE,49,22
2026-01-26,Alliance,50,22
2026-01-26,Marsborne,51,21
2026-01-26,Rare Atom,52,21
2026-01-26,Nemesis,53,21
2026-01-26,Sashi,54,20
2026-01-26,Johnny Speeds,55,20
2026-01-26,OG,56,20
2026-01-26,Voca,57,19
2026-01-26,MOUZ NXT,58,19
2026-01-26,Gaimin Gladiators,59,19
2026-01-26,AM,60,18
2026-01-26,GenOne,61,18
2026-01-26,Tricked,62,18
2026-01-26,Friendly Campers,63,18
2026-01-26,illwill,64,18
2026-01-26,The Huns,65,18
2026-01-26,KOLESIE,66,18
2026-01-26,9z,67,17
2026-01-26,BIG,68,17
2026-01-26,JiJieHao,69,17
2026-01-26,Wildcard,70,15
2026-01-26,magic,71,14
2026-01-26,SINNERS,72,13
2026-01-26,Morningstar,73,13
2026-01-26,Acend,74,13
2026-01-26,Chinggis Warriors,75,13
2026-01-26,BIG Academy,76,13
2026-01-26,SPARTA,77,13
2026-01-26,Ursa,78,13
2026-01-26,Eruption,79,12
2026-01-26,ex-RUBY,80,12
2026-01-26,ASTRAL,81,12
2026-01-26,G2 Ares,82,12
2026-01-26,ODDIK,83,11
2026-01-26,Lazer Cats,84,11
2026-01-26,Sangal,85,11
2026-01-26,DEPO,86,11
2026-01-26,F5,87,11
2026-01-26,Rave,88,11
2026-01-26,Betclic,89,11
2026-01-26,Reign Above,90,11
2026-01-26,AaB,91,10
2026-01-26,Yawara,92,10
2026-01-26,Metizport,93,10
2026-01-26,Nemiga,94,10
2026-01-26,HEROIC Academy,95,10
2026-01-26,ShindeN,96,10
2026-01-26,STATE,97,10
2026-01-26,Leo,98,10
2026-01-26,Change The Game,99,10
2026-01-26,ARCRED,100,10
2026-02-02,Vitality,1,1000
2026-02-02,FURIA,2,811
2026-02-02,Falcons,3,668
2026-02-02,MOUZ,4,454
2026-02-02,PARIVISION,5,420
2026-02-02,FaZe,6,411
2026-02-02,Spirit,7,379
2026-02-02,Natus Vincire,8,379
2026-02-02,Natus Vincere,8,379
2026-02-02,The MongolZ,9,306
2026-02-02,G2,10,253
2026-02-02,Aurora,11,221
2026-02-02,3DMAX,12,207
2026-02-02,Liquid,13,160
2026-02-02,Astralis,14,157
2026-02-02,FUT,15,154
2026-02-02,Passion UA,16,144
2026-02-02,paiN,17,135
2026-02-02,B8,18,131
2026-02-02,GamerLegion,19,108
2026-02-02,NRG,20,103
2026-02-02,Ninjas in Pyjamas,21,90
2026-02-02,HEROIC,22,88
2026-02-02,Imperial,23,85
2026-02-02,M80,24,84
2026-02-02,Legacy,25,76
2026-02-02,Gentle Mates,26,75
2026-02-02,BC.Game,27,67
2026-02-02,MIBR,28,66
2026-02-02,FlyQuest,29,64
2026-02-02,HOTU,30,57
2026-02-02,TYLOO,31,54
2026-02-02,BetBoom,32,54
2026-02-02,Lynn Vision,33,52
2026-02-02,fnatic,34,50
2026-02-02,EYEBALLERS,35,50
2026-02-02,BESTIA,36,45
2026-02-02,Monte,37,45
2026-02-02,RED Canids,38,44
2026-02-02,Sharks,39,43
2026-02-02,9INE,40,42
2026-02-02,Inner Circle,41,38
2026-02-02,Nuclear TigeRES,42,35
2026-02-02,Virtus.pro,43,33
2026-02-02,Nemesis,44,33
2026-02-02,Oramond,45,32
2026-02-02,K27,46,32
2026-02-02,ODDIK,47,32
2026-02-02,9z,48,29
2026-02-02,illwill,49,29
2026-02-02,CYBERSHOKE,50,28
2026-02-02,SINNERS,51,28
2026-02-02,ECSTATIC,52,27
2026-02-02,Rare Atom,53,27
2026-02-02,Marsborne,54,26
2026-02-02,Voca,55,26
2026-02-02,GenOne,56,25
2026-02-02,Tricked,57,25
2026-02-02,KOLESIE,58,25
2026-02-02,OG,59,24
2026-02-02,The Huns,60,24
2026-02-02,Gaimin Gladiators,61,24
2026-02-02,Alliance,62,24
2026-02-02,Friendly Campers,63,24
2026-02-02,BIG,64,23
2026-02-02,ARCRED,65,23
2026-02-02,ENCE,66,23
2026-02-02,Fluxo,67,22
2026-02-02,Nemiga,68,22
2026-02-02,MOUZ NXT,69,22
2026-02-02,Johnny Speeds,70,22
2026-02-02,ex-RUBY,71,20
2026-02-02,magic,72,20
2026-02-02,Wildcard,73,20
2026-02-02,ShindeN,74,20
2026-02-02,JiJieHao,75,20
2026-02-02,1win,76,18
2026-02-02,Chinggis Warriors,77,18
2026-02-02,Sashi,78,18
2026-02-02,BIG Academy,79,18
2026-02-02,BET-M,80,17
2026-02-02,Eruption,81,17
2026-02-02,Bounty Hunters,82,16
2026-02-02,ASTRAL,83,16
2026-02-02,SPARTA,84,16
2026-02-02,FAVBET,85,16
2026-02-02,Lazer Cats,86,15
2026-02-02,Morningstar,87,15
2026-02-02,G2 Ares,88,15
2026-02-02,Rave,89,15
2026-02-02,Ursa,90,15
2026-02-02,FORZE Reload,91,14
2026-02-02,UNiTY,92,14
2026-02-02,Sangal,93,14
2026-02-02,HEROIC Academy,94,14
2026-02-02,WHITEBIRD,95,14
2026-02-02,RUSTEC,96,13
2026-02-02,F5,97,13
2026-02-02,los kogutos,98,13
2026-02-02,Betclic,99,13
2026-02-02,BOSS,100,13
2026-02-09,Vitality,1,1000
2026-02-09,FURIA,2,757
2026-02-09,Falcons,3,504
2026-02-09,MOUZ,4,481
2026-02-09,Spirit,5,431
2026-02-09,PARIVISION,6,341
2026-02-09,FaZe,7,327
2026-02-09,Natus Vincere,8,297
2026-02-09,Natus Vincire,8,297
2026-02-09,G2,9,264
2026-02-09,The MongolZ,10,247
2026-02-09,Aurora,11,241
2026-02-09,Astralis,12,175
2026-02-09,3DMAX,13,154
2026-02-09,FUT,14,139
2026-02-09,Liquid,15,126
2026-02-09,B8,16,104
2026-02-09,Passion UA,17,103
2026-02-09,paiN,18,95
2026-02-09,NRG,19,92
2026-02-09,GamerLegion,20,88
2026-02-09,Ninjas in Pyjamas,21,76
2026-02-09,HEROIC,22,71
2026-02-09,Imperial,23,66
2026-02-09,M80,24,65
2026-02-09,Legacy,25,62
2026-02-09,BC.Game,26,60
2026-02-09,Gentle Mates,27,52
2026-02-09,MIBR,28,52
2026-02-09,FlyQuest,29,51
2026-02-09,TYLOO,30,46
2026-02-09,Monte,31,46
2026-02-09,BetBoom,32,43
2026-02-09,fnatic,33,40
2026-02-09,EYEBALLERS,34,38
2026-02-09,HOTU,35,36
2026-02-09,Lynn Vision,36,35
2026-02-09,BESTIA,37,35
2026-02-09,RED Canids,38,35
2026-02-09,Sharks,39,34
2026-02-09,K27,40,31
2026-02-09,9INE,41,31
2026-02-09,9z,42,30
2026-02-09,Nuclear TigeRES,43,27
2026-02-09,Inner Circle,44,26
2026-02-09,Nemesis,45,26
2026-02-09,illwill,46,25
2026-02-09,ODDIK,47,25
2026-02-09,magic,48,24
2026-02-09,Voca,49,23
2026-02-09,ECSTATIC,50,23
2026-02-09,Oramond,51,22
2026-02-09,OG,52,22
2026-02-09,Marsborne,53,22
2026-02-09,KOLESIE,54,21
2026-02-09,Nemiga,55,20
2026-02-09,GenOne,56,20
2026-02-09,ex-RUBY,57,20
2026-02-09,CYBERSHOKE,58,20
2026-02-09,Tricked,59,19
2026-02-09,ARCRED,60,19
2026-02-09,Virtus.pro,61,18
2026-02-09,Friendly Campers,62,18
2026-02-09,BIG,63,18
2026-02-09,Gaimin Gladiators,64,18
2026-02-09,SINNERS,65,17
2026-02-09,Fluxo,66,17
2026-02-09,The Huns,67,17
2026-02-09,FAVBET,68,17
2026-02-09,MOUZ NXT,69,17
2026-02-09,ENCE,70,17
2026-02-09,ShindeN,71,16
2026-02-09,Rare Atom,72,16
2026-02-09,Johnny Speeds,73,16
2026-02-09,NEXVOID,74,15
2026-02-09,Wildcard,75,15
2026-02-09,Alliance,76,14
2026-02-09,1win,77,14
2026-02-09,Sashi,78,14
2026-02-09,JiJieHao,79,14
2026-02-09,BET-M,80,14
2026-02-09,BIG Academy,81,14
2026-02-09,Morningstar,82,14
2026-02-09,Chinggis Warriors,83,14
2026-02-09,G2 Ares,84,12
2026-02-09,Ursa,85,11
2026-02-09,WHITEBIRD,86,11
2026-02-09,ASTRAL,87,11
2026-02-09,Bounty Hunters,88,11
2026-02-09,los kogutos,89,11
2026-02-09,FORZE Reload,90,11
2026-02-09,UNiTY,91,11
2026-02-09,Lazer Cats,92,11
2026-02-09,Betclic,93,11
2026-02-09,BOSS,94,11
2026-02-09,Eruption,95,11
2026-02-09,HEROIC Academy,96,11
2026-02-09,Sangal,97,11
2026-02-09,RUSTEC,98,10
2026-02-09,THUNDER dOWNUNDER,99,10
2026-02-09,Fake do Biru,100,10
